image_id,filename,timestamp,dart_count,board_state,dart1_segment,dart1_ring,dart2_segment,dart2_ring,dart3_segment,dart3_ring,notes
540d2cae-c1a6-4cd2-bcd8-8f645e8d668a,dart_20250303_220357_540d2cae.jpg,20250303_220357,1,partial,miss,miss,,,,,
06d571d7-c989-4496-aba0-e121d2e7ac3f,dart_20250303_220438_06d571d7.jpg,20250303_220438,2,partial,miss,miss,miss,miss,,,
695ced6e-0dcd-4730-9308-89afe3c62f15,dart_20250303_220536_695ced6e.jpg,20250303_220536,3,full,miss,miss,miss,miss,18,single,
7da7f26c-4ddc-4de6-bf69-155738a43a64,dart_20250303_220956_7da7f26c.jpg,20250303_220956,1,partial,miss,miss,,,,,
d5763ca2-d3d8-4738-92cb-2ef2b2cce391,dart_20250303_221023_d5763ca2.jpg,20250303_221023,2,partial,miss,miss,miss,miss,,,
54f85759-8e3f-4c35-b063-0c7534431403,dart_20250303_221059_54f85759.jpg,20250303_221059,3,full,miss,miss,miss,miss,16,single,
ebaee513-43a4-4027-9fd2-178372aac8b9,dart_20250304_211540_ebaee513.jpg,20250304_211540,1,partial,20,double,,,,,
7feaac29-478e-4411-9337-8d0c7f8ea76b,dart_20250304_211625_7feaac29.jpg,20250304_211625,2,partial,20,double,20,single,,,
4c1865bc-f514-4a4f-95b4-43abe94441ee,dart_20250304_211727_4c1865bc.jpg,20250304_211727,3,full,20,double,20,single,20,triple,
d5b59cbd-70a3-4225-bdd4-8f35bebc6917,dart_20250304_211759_d5b59cbd.jpg,20250304_211759,1,partial,20,single,,,,,
4f6e883b-552b-48b0-8544-efd46a7bf1a3,dart_20250304_211831_4f6e883b.jpg,20250304_211831,2,partial,20,single,miss,miss,,,
7a0df841-2c61-4cb6-8b8b-9b1310396cfc,dart_20250304_211912_7a0df841.jpg,20250304_211912,3,full,20,single,miss,miss,miss,miss,
3e95e393-c1fc-4e78-a9ab-1b109da4982f,dart_20250304_211938_3e95e393.jpg,20250304_211938,1,partial,miss,miss,,,,,
67d041fa-3eb3-49b2-8e7b-3917e3b8d036,dart_20250304_212000_67d041fa.jpg,20250304_212000,2,partial,miss,miss,miss,miss,,,
7a1b103d-bf3f-4a32-a58f-9bd8df6269ec,dart_20250304_212034_7a1b103d.jpg,20250304_212034,3,full,miss,miss,miss,miss,18,double,
dbbc496c-b7f1-4b64-878e-bae3bde899dc,dart_20250304_212058_dbbc496c.jpg,20250304_212058,1,partial,18,single,,,,,
a37fba0b-8fdd-4fcd-9b67-6f978966ac02,dart_20250304_212137_a37fba0b.jpg,20250304_212137,2,partial,18,single,18,triple,,,
66b6706c-afda-43a1-a5a3-41ca7d73b515,dart_20250304_212229_66b6706c.jpg,20250304_212229,3,full,18,single,18,triple,18,single,
8896cc26-2888-4fc8-9c16-663c6798a333,dart_20250304_212304_8896cc26.jpg,20250304_212304,1,partial,miss,miss,,,,,
508f497d-8870-48c0-9256-ebfa3ba91a9a,dart_20250304_212324_508f497d.jpg,20250304_212324,2,partial,miss,miss,miss,miss,,,
563d34a5-b455-4aa7-9161-a0374b1f5b0d,dart_20250304_212349_563d34a5.jpg,20250304_212349,3,full,miss,miss,miss,miss,miss,miss,
e7a1c17c-0791-4598-85ff-f48008cf1bab,dart_20250304_212413_e7a1c17c.jpg,20250304_212413,1,partial,miss,miss,,,,,
c7151864-0c20-4880-9e7a-8d3aa030751e,dart_20250304_212450_c7151864.jpg,20250304_212450,2,partial,miss,miss,miss,miss,,,
7a8d7069-fa61-4829-848f-509decb43838,dart_20250304_212510_7a8d7069.jpg,20250304_212510,3,full,miss,miss,miss,miss,miss,miss,
1db60d63-d11b-4383-924d-ebea3fcfc9ca,dart_20250304_212528_1db60d63.jpg,20250304_212528,1,partial,miss,miss,,,,,
a6715917-f16d-4637-8478-05d6dff4bf46,dart_20250304_212547_a6715917.jpg,20250304_212547,2,partial,miss,miss,miss,miss,,,
c35cf4f4-1c0f-4b79-8956-7cd8071e2d6e,dart_20250304_212610_c35cf4f4.jpg,20250304_212610,3,full,miss,miss,miss,miss,miss,miss,
5a752572-99c6-4fea-bdde-96563edd1024,dart_20250304_212632_5a752572.jpg,20250304_212632,1,partial,miss,miss,,,,,
b1a93a0c-d8ee-4c88-8bfc-8b3f00fb318e,dart_20250304_212650_b1a93a0c.jpg,20250304_212650,2,partial,miss,miss,miss,miss,,,
cb3d25f9-0e80-4b82-ab25-792cf5c463f9,dart_20250304_212710_cb3d25f9.jpg,20250304_212710,3,full,miss,miss,miss,miss,miss,miss,
1656ef64-5bfe-4028-bf71-df1965e8a006,dart_20250304_213209_1656ef64.jpg,20250304_213209,1,partial,miss,miss,,,,,
e092967b-b475-41ea-a8f5-d5942dc42cce,dart_20250304_213230_e092967b.jpg,20250304_213230,2,partial,miss,miss,miss,miss,,,
88f63748-fc97-4063-896e-bb9e675c9567,dart_20250304_213253_88f63748.jpg,20250304_213253,3,full,miss,miss,miss,miss,miss,miss,
4aa6dccf-6596-4891-b740-3d3864af3ec7,dart_20250304_213322_4aa6dccf.jpg,20250304_213322,1,partial,miss,miss,,,,,
19b6b7fc-e85e-40e9-80dc-f2d7ebfc3a8d,dart_20250304_213400_19b6b7fc.jpg,20250304_213400,2,partial,miss,miss,15,double,,,
1b250985-5170-4244-8dd2-1b91791f2bf1,dart_20250304_213433_1b250985.jpg,20250304_213433,3,full,miss,miss,15,double,15,single,
2a53ac3a-46d6-451c-9607-18a2548077ce,dart_20250304_213459_2a53ac3a.jpg,20250304_213459,1,partial,15,triple,,,,,
2055b31e-675c-4179-9f9a-adb88f723d7c,dart_20250304_213530_2055b31e.jpg,20250304_213530,2,partial,15,triple,15,single,,,
be672b40-d297-40fa-8610-2424b4f647f6,dart_20250304_213608_be672b40.jpg,20250304_213608,3,full,15,triple,15,single,miss,miss,
0f6350c1-4399-4d37-afca-bb76a7d0821a,dart_20250304_213645_0f6350c1.jpg,20250304_213645,1,partial,miss,miss,,,,,
5f2d729e-c532-4054-97f0-af2bbdf0f38f,dart_20250304_213709_5f2d729e.jpg,20250304_213709,2,partial,miss,miss,miss,miss,,,
9c8dd421-ac7e-4138-96f0-0ae7161e9de0,dart_20250304_213729_9c8dd421.jpg,20250304_213729,3,full,miss,miss,miss,miss,miss,miss,
3cc8ca7b-1e5a-4c94-9e77-2feadc000b6c,dart_20250304_213803_3cc8ca7b.jpg,20250304_213803,1,partial,17,double,,,,,
b95f1003-973b-47aa-a2cf-40629cca78d3,dart_20250304_213828_b95f1003.jpg,20250304_213828,2,partial,17,double,17,single,,,
4bf0eabb-5e49-491e-85f1-ed2ac8a4d385,dart_20250304_213903_4bf0eabb.jpg,20250304_213903,3,full,17,double,17,single,17,triple,
430b6869-21c7-43f8-9bef-10ee61eebb4d,dart_20250304_213929_430b6869.jpg,20250304_213929,1,partial,17,single,,,,,
48495d9b-e860-42b9-ac6d-17b34f36d0c6,dart_20250304_214002_48495d9b.jpg,20250304_214002,2,partial,17,single,miss,miss,,,
43f43af6-5251-4eba-a4f6-cec3a77573a9,dart_20250304_214024_43f43af6.jpg,20250304_214024,3,full,17,single,miss,miss,miss,miss,
e1507a98-b4a8-45f1-9b53-d746f0e8aa6b,dart_20250304_214048_e1507a98.jpg,20250304_214048,1,partial,miss,miss,,,,,
8a7d4e75-ec21-458b-90d8-685f72e7540e,dart_20250304_214105_8a7d4e75.jpg,20250304_214105,2,partial,miss,miss,miss,miss,,,
26c64c3f-70fc-4b75-997c-0dc05f8d1109,dart_20250304_214135_26c64c3f.jpg,20250304_214135,3,full,miss,miss,miss,miss,19,double,
d0a3c66c-4608-4554-83a8-a1f6d8851962,dart_20250304_214208_d0a3c66c.jpg,20250304_214208,1,partial,19,single,,,,,
5760c1c9-cb88-4eb8-a5bf-d4ca852433b6,dart_20250304_214235_5760c1c9.jpg,20250304_214235,2,partial,19,single,19,triple,,,
4be2a35f-a49e-43c7-ae67-cc505fbeaec8,dart_20250304_214307_4be2a35f.jpg,20250304_214307,3,full,19,single,19,triple,19,single,
2a5f77a4-f1ad-4c36-a895-58e98605ebbe,dart_20250304_214332_2a5f77a4.jpg,20250304_214332,1,partial,miss,miss,,,,,
ddfa8664-3b0f-4315-93c7-14213f91c01d,dart_20250304_214355_ddfa8664.jpg,20250304_214355,2,partial,miss,miss,miss,miss,,,
2476af25-1f57-4324-8a5d-5f06663b5671,dart_20250304_214412_2476af25.jpg,20250304_214412,3,full,miss,miss,miss,miss,miss,miss,
619c026e-8b46-43e9-a52e-caf8e4387281,dart_20250304_214433_619c026e.jpg,20250304_214433,1,partial,miss,miss,,,,,
ba6b9e08-3f93-420e-8b26-f07e13471656,dart_20250304_214517_ba6b9e08.jpg,20250304_214517,2,partial,miss,miss,16,double,,,
396c89de-6b9b-409f-bdf5-2692225e4b00,dart_20250304_214552_396c89de.jpg,20250304_214552,3,full,miss,miss,16,double,16,single,
07bcc0c1-f86f-4291-83d4-27a43ce6473a,dart_20250304_214619_07bcc0c1.jpg,20250304_214619,1,partial,16,triple,,,,,
9caefe8c-f08b-4bdd-af47-f96927bb9a27,dart_20250304_214648_9caefe8c.jpg,20250304_214648,2,partial,16,triple,16,single,,,
234aa493-a2bf-4058-b1fb-a09ee4adeba2,dart_20250304_214723_234aa493.jpg,20250304_214723,3,full,16,triple,16,single,miss,miss,
4b865bb9-aa89-4312-955e-ff66ef682c45,dart_20250304_214741_4b865bb9.jpg,20250304_214741,1,partial,miss,miss,,,,,
f94f3bd4-1053-4ed7-8dc9-fbd130237316,dart_20250304_214758_f94f3bd4.jpg,20250304_214758,2,partial,miss,miss,miss,miss,,,
d2f2b97b-d7fa-4191-8265-76facc25a965,dart_20250304_214817_d2f2b97b.jpg,20250304_214817,3,full,miss,miss,miss,miss,miss,miss,
8ac1711b-7ef3-4692-bb77-7d6cbffe0a09,dart_20250304_214916_8ac1711b.jpg,20250304_214916,1,partial,miss,miss,,,,,
b0424139-77ec-4e88-afa9-4d8047110c47,dart_20250304_214937_b0424139.jpg,20250304_214937,2,partial,miss,miss,miss,miss,,,
40efc0d4-052d-4558-942d-3bd10833e604,dart_20250304_214958_40efc0d4.jpg,20250304_214958,3,full,miss,miss,miss,miss,miss,miss,
b0e4ad44-9774-4364-bc79-9fed0da4a752,dart_20250304_215014_b0e4ad44.jpg,20250304_215014,1,partial,miss,miss,,,,,
3e475eca-69ec-4352-b2c3-e7215ddc5e34,dart_20250304_215032_3e475eca.jpg,20250304_215032,2,partial,miss,miss,miss,miss,,,
16a52f6e-d48c-4133-9ec1-057be34a2942,dart_20250304_215049_16a52f6e.jpg,20250304_215049,3,full,miss,miss,miss,miss,miss,miss,
1c51ccc3-6905-474d-9024-4569caefb005,dart_20250304_215121_1c51ccc3.jpg,20250304_215121,1,partial,miss,miss,,,,,
194b0a26-4bc5-4f6a-8dfa-85b37754792d,dart_20250304_215139_194b0a26.jpg,20250304_215139,2,partial,miss,miss,miss,miss,,,
42d97f05-b4d7-49e1-ad71-d467f1b7182a,dart_20250304_215202_42d97f05.jpg,20250304_215202,3,full,miss,miss,miss,miss,miss,miss,
2584a7c1-6ce0-42ca-b425-3edab75a8270,dart_20250304_215222_2584a7c1.jpg,20250304_215222,1,partial,miss,miss,,,,,
f1192307-33b0-4c02-b95b-e2ca835076a5,dart_20250304_215243_f1192307.jpg,20250304_215243,2,partial,miss,miss,miss,miss,,,
dc683de4-55e7-4daa-a72a-eaf80e2e44a9,dart_20250304_215300_dc683de4.jpg,20250304_215300,3,full,miss,miss,miss,miss,miss,miss,
ca7be309-25d0-40fc-8233-7725e5ff4c28,dart_20250304_215322_ca7be309.jpg,20250304_215322,1,partial,miss,miss,,,,,
258700d8-44f8-4efe-8a97-e17e34b11d70,dart_20250304_215338_258700d8.jpg,20250304_215338,2,partial,miss,miss,miss,miss,,,
a9ec3572-9ecd-4a34-9573-0f086a08ab97,dart_20250304_215355_a9ec3572.jpg,20250304_215355,3,full,miss,miss,miss,miss,miss,miss,
b61f57a0-226c-4d0a-95a2-b3874f8dbfd4,dart_20250304_215418_b61f57a0.jpg,20250304_215418,1,partial,miss,miss,,,,,
f3948a20-df85-47b4-93d1-5955571a1658,dart_20250304_215435_f3948a20.jpg,20250304_215435,2,partial,miss,miss,miss,miss,,,
becfca26-5ba1-4244-85bd-c0f30b9e10fe,dart_20250304_215450_becfca26.jpg,20250304_215450,3,full,miss,miss,miss,miss,miss,miss,
e6325377-2fd4-4297-95a0-793114618e61,dart_20250304_215510_e6325377.jpg,20250304_215510,1,partial,miss,miss,,,,,
50b40603-5979-4efa-9660-9226e12edff7,dart_20250304_215525_50b40603.jpg,20250304_215525,2,partial,miss,miss,miss,miss,,,
8ef5be82-7ee6-4c79-a2d2-53a4b7403aa2,dart_20250304_215618_8ef5be82.jpg,20250304_215618,3,full,miss,miss,miss,miss,bull,outer_bull,
4ed0f16a-9d74-4a91-8d85-cc6b0d96e392,dart_20250304_215650_4ed0f16a.jpg,20250304_215650,1,partial,bull,inner_bull,,,,,
1526f2a4-d86f-4423-a071-14468e6087df,dart_20250304_215729_1526f2a4.jpg,20250304_215729,2,partial,bull,inner_bull,bull,outer_bull,,,
5893e380-7109-4b28-a6bf-3726f18df742,dart_20250304_215806_5893e380.jpg,20250304_215806,3,full,bull,inner_bull,bull,outer_bull,bull,outer_bull,
dc24e2d0-1449-47ef-8867-9c328cdd3126,dart_20250304_220002_dc24e2d0.jpg,20250304_220002,1,partial,20,double,,,,,
c95c7c8c-ac91-4d8c-955f-e974a463bad9,dart_20250304_220044_c95c7c8c.jpg,20250304_220044,2,partial,20,double,19,single,,,
e71e4750-558a-40e5-8c92-3c0318310c0d,dart_20250304_220112_e71e4750.jpg,20250304_220112,3,full,20,double,19,single,18,triple,
ff982b03-aa9d-4cbf-b938-b9f24d777826,dart_20250304_220147_ff982b03.jpg,20250304_220147,1,partial,17,single,,,,,
8e6ae159-a54e-4291-8f88-4983ad61ab15,dart_20250304_220223_8e6ae159.jpg,20250304_220223,2,partial,17,single,16,double,,,
5a227de3-3c30-4c44-b8c8-a2f955bf15ef,dart_20250304_220307_5a227de3.jpg,20250304_220307,3,full,17,single,16,double,15,single,
18341bec-f2ea-496d-a8b1-bba20a2cc7c6,dart_20250304_220343_18341bec.jpg,20250304_220343,1,partial,20,single,,,,,
c52523b9-939e-4fd8-8185-5fcf0c7ee668,dart_20250304_220414_c52523b9.jpg,20250304_220414,2,partial,20,single,bull,outer_bull,,,
5e5765fa-45ae-45b8-b383-6cf6c85d5489,dart_20250304_220457_5e5765fa.jpg,20250304_220457,3,full,20,single,bull,outer_bull,bull,inner_bull,
2d490420-e091-4e55-8b0a-57af1023e578,dart_20250304_220552_2d490420.jpg,20250304_220552,1,partial,bull,inner_bull,,,,,
0d066041-06bb-413c-9f36-a28b79f35e0b,dart_20250304_220622_0d066041.jpg,20250304_220622,2,partial,bull,inner_bull,20,single,,,
971443f7-a64b-49c7-974d-bff78dcdc2b8,dart_20250304_220704_971443f7.jpg,20250304_220704,3,full,bull,inner_bull,20,single,miss,miss,
c8685390-a70a-4570-a7ec-6bf3b0973761,dart_20250304_220734_c8685390.jpg,20250304_220734,1,partial,miss,miss,,,,,
885bf3b8-ea7c-4783-9f43-4ce7ce050f9f,dart_20250304_220752_885bf3b8.jpg,20250304_220752,2,partial,miss,miss,miss,miss,,,
71096fd1-9405-4130-9dd3-5cc7621bf127,dart_20250304_220834_71096fd1.jpg,20250304_220834,3,full,miss,miss,miss,miss,19,single,
6e5c812d-9683-4744-aa03-5b413abef364,dart_20250304_220909_6e5c812d.jpg,20250304_220909,1,partial,18,single,,,,,
5c64799a-1aa7-475b-8dc1-03bde4f405b2,dart_20250304_220942_5c64799a.jpg,20250304_220942,2,partial,18,single,miss,miss,,,
0a01c703-5c9e-406b-95ef-204f6e4f9650,dart_20250304_221021_0a01c703.jpg,20250304_221021,3,full,18,single,miss,miss,17,single,
89453033-a500-4361-917e-839c984b0ba2,dart_20250304_221059_89453033.jpg,20250304_221059,1,partial,16,single,,,,,
89717a2e-500d-44e9-86cf-c9e52db70c24,dart_20250304_221133_89717a2e.jpg,20250304_221133,2,partial,16,single,miss,miss,,,
7bbcec6e-dd0f-4864-b80c-609e02eee5ce,dart_20250304_221223_7bbcec6e.jpg,20250304_221223,3,full,16,single,miss,miss,miss,miss,
c3cf2d82-b7c0-4c7a-89f5-6a78100669a3,dart_20250304_221248_c3cf2d82.jpg,20250304_221248,1,partial,miss,miss,,,,,
294f326f-1276-40fb-adf0-291bd00a74d5,dart_20250304_221302_294f326f.jpg,20250304_221302,2,partial,miss,miss,miss,miss,,,
25427e0b-d4f9-44d1-b9df-0a56c9cce44e,dart_20250304_221319_25427e0b.jpg,20250304_221319,3,full,miss,miss,miss,miss,miss,miss,
1c6e178a-d641-463a-a956-e151a351d5e6,dart_20250304_221348_1c6e178a.jpg,20250304_221348,1,partial,miss,miss,,,,,
bcd34110-7f87-4c47-81dd-84df98f8dc12,dart_20250304_221406_bcd34110.jpg,20250304_221406,2,partial,miss,miss,miss,miss,,,
2f93d597-63d1-4ee3-891f-662f132ede5e,dart_20250304_221425_2f93d597.jpg,20250304_221425,3,full,miss,miss,miss,miss,miss,miss,
2c22266b-7441-4489-8e82-df67510fdfc2,dart_20250304_221454_2c22266b.jpg,20250304_221454,1,partial,miss,miss,,,,,
0f73fa35-331d-4f7e-8d93-e4f15a320587,dart_20250304_221524_0f73fa35.jpg,20250304_221524,2,partial,miss,miss,17,single,,,
eb12928b-32d3-42ce-b201-7f8617cd7b1e,dart_20250304_221556_eb12928b.jpg,20250304_221556,3,full,miss,miss,17,single,miss,miss,
b051bc9a-2e43-4c69-8df5-636cd4253420,dart_20250304_221627_b051bc9a.jpg,20250304_221627,1,partial,17,single,,,,,
e37bba3b-55d7-4627-9cc9-a76ee5233297,dart_20250304_221657_e37bba3b.jpg,20250304_221657,2,partial,17,single,15,single,,,
b6a9c0de-4457-425a-924f-2b69edeca6d7,dart_20250304_221740_b6a9c0de.jpg,20250304_221740,3,full,17,single,15,single,miss,miss,
a5a3de3b-3388-49ed-a1dd-52073a03cb3f,dart_20250305_195441_a5a3de3b.jpg,20250305_195441,1,partial,20,double,,,,,
caf02eea-3429-4304-bc4d-e8c928d7b05b,dart_20250305_195516_caf02eea.jpg,20250305_195516,2,partial,20,double,20,double,,,
a447b7ef-e4b7-4a18-a362-513cdea1b2dc,dart_20250305_195611_a447b7ef.jpg,20250305_195611,3,full,20,double,20,double,20,double,
cde8ad51-3482-4538-a7fa-71bb337d5008,dart_20250305_195643_cde8ad51.jpg,20250305_195643,1,partial,20,double,,,,,
b113e266-8765-418a-b33e-2b6627e19806,dart_20250305_195712_b113e266.jpg,20250305_195712,2,partial,20,double,20,single,,,
2811ce89-054b-467d-836a-b3dd53359a37,dart_20250305_195744_2811ce89.jpg,20250305_195744,3,full,20,double,20,single,20,single,
2fb19bdf-8756-4477-9de6-12d951bc1b23,dart_20250305_195819_2fb19bdf.jpg,20250305_195819,1,partial,20,single,,,,,
c3b5fb4e-bde0-4e7e-85ab-7620060fcb11,dart_20250305_195850_c3b5fb4e.jpg,20250305_195850,2,partial,20,single,20,single,,,
9269ad09-a1cd-4ddf-b934-f850a2f9ed5b,dart_20250305_195923_9269ad09.jpg,20250305_195923,3,full,20,single,20,single,20,triple,
9458bcf8-e9ed-490d-9b69-04d4b11da4b1,dart_20250305_195955_9458bcf8.jpg,20250305_195955,1,partial,20,triple,,,,,
afd32e84-30a9-4540-ac55-5fc24ccd4b3f,dart_20250305_200022_afd32e84.jpg,20250305_200022,2,partial,20,triple,20,triple,,,
33cc6a5d-fb8b-43ca-851b-2bfb5a274294,dart_20250305_200057_33cc6a5d.jpg,20250305_200057,3,full,20,triple,20,triple,20,triple,
142ea775-5485-451e-93bd-ad9228175ec7,dart_20250305_200138_142ea775.jpg,20250305_200138,1,partial,20,single,,,,,
0e630c64-b02d-4d43-b814-23532f545520,dart_20250305_200206_0e630c64.jpg,20250305_200206,2,partial,20,single,20,single,,,
dbcdcf78-3f0c-4dc1-9b8f-5242765e4b51,dart_20250305_200239_dbcdcf78.jpg,20250305_200239,3,full,20,single,20,single,20,single,
cb2cad75-e165-4fe5-95a7-e6d7f4726779,dart_20250305_200311_cb2cad75.jpg,20250305_200311,1,partial,20,single,,,,,
e0f5639b-f9a4-45b2-ad9a-192c5b7f0c42,dart_20250305_200340_e0f5639b.jpg,20250305_200340,2,partial,20,single,bull,outer_bull,,,
d528af1a-1301-46f4-995d-4e16b7e5758f,dart_20250305_200430_d528af1a.jpg,20250305_200430,3,full,20,single,bull,outer_bull,bull,inner_bull,
97209c31-c4e4-4dae-8092-6e745ff08b4d,dart_20250305_215349_97209c31.jpg,20250305_215349,1,partial,19,double,,,,,
6402b474-24f0-423f-9780-d83e0a9e60b7,dart_20250305_215415_6402b474.jpg,20250305_215415,2,partial,19,double,19,double,,,
c9ad41f8-5fff-479d-8c14-85a0e33334e4,dart_20250305_215440_c9ad41f8.jpg,20250305_215440,3,full,19,double,19,double,19,double,
5005cb7d-221a-4b23-a626-b98b55adda1e,dart_20250305_215502_5005cb7d.jpg,20250305_215502,1,partial,19,double,,,,,
e73b3665-b0d7-44c6-abbe-5e0ad6226821,dart_20250305_215525_e73b3665.jpg,20250305_215525,2,partial,19,double,19,single,,,
490a27df-a853-40e5-a864-908dfad7ebde,dart_20250305_215553_490a27df.jpg,20250305_215553,3,full,19,double,19,single,19,single,
1a7c7b84-2389-4902-bdfc-760d1bab98d3,dart_20250305_215616_1a7c7b84.jpg,20250305_215616,1,partial,19,single,,,,,
3b07a75a-2a7c-4d78-bb67-a573eb37182b,dart_20250305_215639_3b07a75a.jpg,20250305_215639,2,partial,19,single,19,single,,,
29813945-43c4-4d49-b46a-4df33c4cbaf9,dart_20250305_215708_29813945.jpg,20250305_215708,3,full,19,single,19,single,19,triple,
2d58ed1b-30b6-403d-849e-7846b7773901,dart_20250305_215736_2d58ed1b.jpg,20250305_215736,1,partial,19,triple,,,,,
c12400e9-2242-4ad2-9656-c435b4c1f76b,dart_20250305_215800_c12400e9.jpg,20250305_215800,2,partial,19,triple,19,triple,,,
50f15870-856a-4fa3-a583-673e5c63168e,dart_20250305_215830_50f15870.jpg,20250305_215830,3,full,19,triple,19,triple,19,triple,
b030afe5-17c4-49e8-b191-3a89cfbafbbb,dart_20250305_215900_b030afe5.jpg,20250305_215900,1,partial,19,single,,,,,
3dff371a-1889-4d4c-a614-179f692c13bb,dart_20250305_215922_3dff371a.jpg,20250305_215922,2,partial,19,single,19,single,,,
9b1fade3-983d-4aab-befa-aa7d3593a6ee,dart_20250305_215949_9b1fade3.jpg,20250305_215949,3,full,19,single,19,single,19,single,
d5f9b69c-ce7d-4aeb-9dc0-3a3777f1ecf8,dart_20250305_220007_d5f9b69c.jpg,20250305_220007,1,partial,19,single,,,,,
89febb2a-0236-4ec4-bbf0-5a5498d7a0b2,dart_20250305_220035_89febb2a.jpg,20250305_220035,2,partial,19,single,bull,outer_bull,,,
752a793a-dfb2-40f9-b1c4-40ca2f0c2d6a,dart_20250305_220122_752a793a.jpg,20250305_220122,3,full,19,single,bull,outer_bull,bull,inner_bull,
b5f79704-f1ea-4c3b-b8fe-3c904afc33be,dart_20250305_220232_b5f79704.jpg,20250305_220232,1,partial,miss,miss,,,,,
95d43bd9-c037-4279-9635-49d89e14939b,dart_20250305_220247_95d43bd9.jpg,20250305_220247,2,partial,miss,miss,miss,miss,,,
e827f173-668c-4b93-baff-cc20173841c7,dart_20250305_220318_e827f173.jpg,20250305_220318,3,full,miss,miss,miss,miss,20,triple,
fd175b0f-e905-4333-ad56-1834a2ea7661,dart_20250305_220348_fd175b0f.jpg,20250305_220348,1,partial,miss,miss,,,,,
6a0c59fe-67b3-4ceb-a85f-d7cb36b4a66f,dart_20250305_220409_6a0c59fe.jpg,20250305_220409,2,partial,miss,miss,19,single,,,
6833c5b0-8f52-4c22-9e6f-df33c7ec90ff,dart_20250305_220440_6833c5b0.jpg,20250305_220440,3,full,miss,miss,19,single,miss,miss,
6eabc5c7-090e-4407-b1c6-d16dd0798580,dart_20250305_220505_6eabc5c7.jpg,20250305_220505,1,partial,miss,miss,,,,,
b78a353f-efda-4a39-ac10-72ab08d1a30d,dart_20250305_220528_b78a353f.jpg,20250305_220528,2,partial,miss,miss,19,triple,,,
8cee1772-e8a5-4d41-9c8b-723435be8f6a,dart_20250305_220602_8cee1772.jpg,20250305_220602,3,full,miss,miss,19,triple,19,double,
4338b1ca-92b7-4135-a9bd-68125039116e,dart_20250307_201553_4338b1ca.jpg,20250307_201553,1,partial,18,double,,,,,
b7b2e441-edde-4cfd-9c7e-f52a427d41c1,dart_20250307_201616_b7b2e441.jpg,20250307_201616,2,partial,18,double,18,double,,,
5c72dadc-9582-4a8d-9871-b04130cbc509,dart_20250307_201642_5c72dadc.jpg,20250307_201642,3,full,18,double,18,double,18,double,
0aa5566f-8d63-4c8e-af1e-076c1faa2869,dart_20250307_201702_0aa5566f.jpg,20250307_201702,1,partial,18,double,,,,,
42c8b46f-728b-4246-b11b-127e59b9f14e,dart_20250307_201725_42c8b46f.jpg,20250307_201725,2,partial,18,double,18,single,,,
19175a12-6a8a-439d-ae34-dcde43eefc4a,dart_20250307_201753_19175a12.jpg,20250307_201753,3,full,18,double,18,single,18,single,
fcfe253d-9251-405b-ab29-ee81bd64190c,dart_20250307_201821_fcfe253d.jpg,20250307_201821,1,partial,18,single,,,,,
8d1ec92b-d277-4051-88af-5f9bfeb17034,dart_20250307_201843_8d1ec92b.jpg,20250307_201843,2,partial,18,single,18,single,,,
4c546d96-a945-448a-8793-d1e76f527e5a,dart_20250307_201910_4c546d96.jpg,20250307_201910,3,full,18,single,18,single,18,triple,
583227d7-726b-4442-9c26-2e63ce7a4366,dart_20250307_201931_583227d7.jpg,20250307_201931,1,partial,18,triple,,,,,
02fe1eb3-3e8f-4dbd-8f51-aecc2f061cda,dart_20250307_201952_02fe1eb3.jpg,20250307_201952,2,partial,18,triple,18,triple,,,
d9fa3419-7302-4a0d-937e-eacd6a6baabe,dart_20250307_202018_d9fa3419.jpg,20250307_202018,3,full,18,triple,18,triple,18,triple,
4eebba3f-2d8f-4621-ab75-fd309acd6301,dart_20250307_202046_4eebba3f.jpg,20250307_202046,1,partial,18,single,,,,,
df6aed0e-2b1d-4ea3-99e5-6760494fc515,dart_20250307_202107_df6aed0e.jpg,20250307_202107,2,partial,18,single,18,single,,,
b05d0f32-06ea-49d1-bd40-2a015ec34024,dart_20250307_202132_b05d0f32.jpg,20250307_202132,3,full,18,single,18,single,18,single,
1b6b23a3-849d-4812-99e2-579bc8f63247,dart_20250307_202150_1b6b23a3.jpg,20250307_202150,1,partial,18,single,,,,,
eb1a74dc-e19e-4b4a-997d-38d4ea7ce0e8,dart_20250307_202220_eb1a74dc.jpg,20250307_202220,2,partial,18,single,bull,outer_bull,,,
4a7b9c54-0850-4936-a9f3-8c777e154b07,dart_20250307_202255_4a7b9c54.jpg,20250307_202255,3,full,18,single,bull,outer_bull,bull,inner_bull,
a8cfe6dc-e3f3-489c-a838-d6252f3e701f,dart_20250307_202355_a8cfe6dc.jpg,20250307_202355,1,partial,17,double,,,,,
6f1533b6-c505-4e29-99ae-47b1735a2132,dart_20250307_202422_6f1533b6.jpg,20250307_202422,2,partial,17,double,17,double,,,
6458ac97-f46c-4983-936a-822c4ec5b783,dart_20250307_202500_6458ac97.jpg,20250307_202500,3,full,17,double,17,double,17,double,
047efd00-a479-47ce-9f97-97a24a06a8d5,dart_20250307_202524_047efd00.jpg,20250307_202524,1,partial,17,double,,,,,
f214f184-6ec9-431c-a5da-d083ed0cc30f,dart_20250307_202548_f214f184.jpg,20250307_202548,2,partial,17,double,17,single,,,
ec87c24f-5a1d-4843-8b12-f6eb7a1a313d,dart_20250307_202626_ec87c24f.jpg,20250307_202626,3,full,17,double,17,single,17,single,
abb2b273-c940-466d-a44b-afd154c24f85,dart_20250307_202647_abb2b273.jpg,20250307_202647,1,partial,17,single,,,,,
0869ea47-424c-4eeb-b89d-dc66a20753b4,dart_20250307_202709_0869ea47.jpg,20250307_202709,2,partial,17,single,17,single,,,
f30d5f90-a182-4459-92b1-7fa4819b0af4,dart_20250307_202741_f30d5f90.jpg,20250307_202741,3,full,17,single,17,single,17,triple,
0648ea51-62ba-494e-9bb4-2027e3824578,dart_20250307_202803_0648ea51.jpg,20250307_202803,1,partial,17,triple,,,,,
fe317e57-079a-4c1e-bbbf-41ab29601850,dart_20250307_202825_fe317e57.jpg,20250307_202825,2,partial,17,triple,17,triple,,,
aaee4120-785b-4ecc-bba4-e15fc10a7b77,dart_20250307_202853_aaee4120.jpg,20250307_202853,3,full,17,triple,17,triple,17,triple,
9e0cafe8-2ad6-4028-8176-50bda78110dc,dart_20250307_202925_9e0cafe8.jpg,20250307_202925,1,partial,17,single,,,,,
b751db4d-ef6a-454d-8a7e-2023ea6da966,dart_20250307_202953_b751db4d.jpg,20250307_202953,2,partial,17,single,17,single,,,
d474e1bf-0daf-4def-9513-5a0618e92e68,dart_20250307_203017_d474e1bf.jpg,20250307_203017,3,full,17,single,17,single,17,single,
933d0b42-fb4b-4741-aa2c-5c3248c2e49f,dart_20250307_203036_933d0b42.jpg,20250307_203036,1,partial,17,single,,,,,
958e6970-c79e-4acf-a3cf-5528aef9ffb6,dart_20250307_203104_958e6970.jpg,20250307_203104,2,partial,17,single,bull,outer_bull,,,
de592097-d391-4489-85fe-6b12ad861eeb,dart_20250307_203150_de592097.jpg,20250307_203150,3,full,17,single,bull,outer_bull,bull,inner_bull,
25b9a656-38cd-46bc-b783-d30d59fd6f2b,dart_20250307_203244_25b9a656.jpg,20250307_203244,1,partial,16,double,,,,,
6381abee-fba3-4677-90e7-5a17f88b17ea,dart_20250307_203312_6381abee.jpg,20250307_203312,2,partial,16,double,16,double,,,
5a616a75-335f-45d1-bef7-b24bc679d60a,dart_20250307_203344_5a616a75.jpg,20250307_203344,3,full,16,double,16,double,16,double,
1c5c16e8-8fdc-481d-a59f-342d01c6b3fb,dart_20250307_203414_1c5c16e8.jpg,20250307_203414,1,partial,16,double,,,,,
d313b3c5-0650-425c-8379-337c741f3a38,dart_20250307_203438_d313b3c5.jpg,20250307_203438,2,partial,16,double,16,single,,,
0a27c3d7-26bb-4eda-b2ec-a61c8252804f,dart_20250307_203518_0a27c3d7.jpg,20250307_203518,3,full,16,double,16,single,16,single,
6e3b8978-a3b5-464a-afbe-ad7e77ed481d,dart_20250307_203547_6e3b8978.jpg,20250307_203547,1,partial,16,single,,,,,
fc46cc0c-5214-4159-aff2-ad8c41c682bc,dart_20250307_203608_fc46cc0c.jpg,20250307_203608,2,partial,16,single,16,single,,,
b9c944e1-bd48-4e18-ba15-1bc25fbe3a7c,dart_20250307_203636_b9c944e1.jpg,20250307_203636,3,full,16,single,16,single,16,triple,
28adb136-2646-4540-b4e1-118e3eac03aa,dart_20250307_203700_28adb136.jpg,20250307_203700,1,partial,16,triple,,,,,
33a400b5-cce5-4bf8-9624-34e88759aa5e,dart_20250307_203724_33a400b5.jpg,20250307_203724,2,partial,16,triple,16,triple,,,
2fc8eb3d-2d27-49b5-8041-f466990af499,dart_20250307_203751_2fc8eb3d.jpg,20250307_203751,3,full,16,triple,16,triple,16,triple,
6a36fee4-c589-4a5f-a05d-5a58612581ae,dart_20250307_203814_6a36fee4.jpg,20250307_203814,1,partial,16,single,,,,,
f2087277-2269-4440-a2b1-80ee7c2eba1d,dart_20250307_203833_f2087277.jpg,20250307_203833,2,partial,16,single,16,single,,,
5d1f7380-ed64-457a-aba0-44ae18b8095d,dart_20250307_203903_5d1f7380.jpg,20250307_203903,3,full,16,single,16,single,16,single,
202da895-cad8-4222-b671-5de8d22cb05e,dart_20250307_203924_202da895.jpg,20250307_203924,1,partial,16,single,,,,,
31897fdb-8ac5-4a58-ae1b-c793b78b4153,dart_20250307_203950_31897fdb.jpg,20250307_203950,2,partial,16,single,bull,outer_bull,,,
f51d1088-e6f7-4e36-be88-984873604d64,dart_20250307_204022_f51d1088.jpg,20250307_204022,3,full,16,single,bull,outer_bull,bull,inner_bull,
2f786189-371e-474f-a0bc-83c520f61891,dart_20250307_204107_2f786189.jpg,20250307_204107,1,partial,15,double,,,,,
e6db6b69-5b84-4a38-beae-f62310a39e5b,dart_20250307_204139_e6db6b69.jpg,20250307_204139,2,partial,15,double,15,double,,,
89e736c2-dc84-4718-baac-7ee21d9026c3,dart_20250307_204205_89e736c2.jpg,20250307_204205,3,full,15,double,15,double,15,double,
f098a81a-9441-4f07-b7b8-af639ef6b862,dart_20250307_204229_f098a81a.jpg,20250307_204229,1,partial,15,double,,,,,
5f95612c-1692-4a06-a72d-d2db8f475193,dart_20250307_204254_5f95612c.jpg,20250307_204254,2,partial,15,double,15,single,,,
b122c700-3bfb-4b52-b32e-69583860f4e9,dart_20250307_204331_b122c700.jpg,20250307_204331,3,full,15,double,15,single,15,single,
c3daa1ac-ed4a-4574-bbc3-f908f2eae224,dart_20250307_204416_c3daa1ac.jpg,20250307_204416,1,partial,15,single,,,,,
5c2f66d6-48cb-4b72-a7a2-ee304ad9e36d,dart_20250307_204437_5c2f66d6.jpg,20250307_204437,2,partial,15,single,15,single,,,
7248b0f6-bfd1-400c-bb57-97adb95ec9c1,dart_20250307_204511_7248b0f6.jpg,20250307_204511,3,full,15,single,15,single,15,triple,
0378c4fb-f70b-4cd1-a68e-59b04aea03fd,dart_20250307_204534_0378c4fb.jpg,20250307_204534,1,partial,15,triple,,,,,
7aad5ecf-85ff-40bb-b82f-2a58d55fb864,dart_20250307_204600_7aad5ecf.jpg,20250307_204600,2,partial,15,triple,15,triple,,,
039ec151-d26e-4d3d-af1a-d08e35432fe9,dart_20250307_204624_039ec151.jpg,20250307_204624,3,full,15,triple,15,triple,15,triple,
19802fbd-50ac-47b4-976c-7416e44cb052,dart_20250307_204644_19802fbd.jpg,20250307_204644,1,partial,15,single,,,,,
69857f33-dde3-4fc8-bfa8-9ecf6516c0f4,dart_20250307_204704_69857f33.jpg,20250307_204704,2,partial,15,single,15,single,,,
6aada273-f69c-441c-bf91-3542ae3c8ad8,dart_20250307_204731_6aada273.jpg,20250307_204731,3,full,15,single,15,single,15,single,
78f1f41b-1919-4354-9c96-7bb85b2af57e,dart_20250307_204750_78f1f41b.jpg,20250307_204750,1,partial,15,single,,,,,
172c4d74-67b3-4e7a-89ff-414ac27dccfc,dart_20250307_204840_172c4d74.jpg,20250307_204840,2,partial,15,single,bull,outer_bull,,,
3d4219dc-3e03-4619-bbe3-6dd08c968c0d,dart_20250307_204953_3d4219dc.jpg,20250307_204953,3,full,15,single,bull,outer_bull,bull,inner_bull,
c870b668-806d-4652-8586-867104fb756f,dart_20250307_205144_c870b668.jpg,20250307_205144,1,partial,miss,miss,,,,,
867c5a54-1915-4540-ad11-450bef88b237,dart_20250307_205157_867c5a54.jpg,20250307_205157,2,partial,miss,miss,miss,miss,,,
014b393e-e6ba-4180-aec6-87de19b26838,dart_20250307_205216_014b393e.jpg,20250307_205216,3,full,miss,miss,miss,miss,miss,miss,
ae617e6b-d950-44e2-8902-7514fb42d001,dart_20250307_205554_ae617e6b.jpg,20250307_205554,1,partial,bull,inner_bull,,,,,
c766a628-8bcd-424c-8d7c-871407f93838,dart_20250307_205618_c766a628.jpg,20250307_205618,2,partial,bull,inner_bull,miss,miss,,,
93a0bcc6-44aa-4e10-bcda-eb81694f57e5,dart_20250307_205640_93a0bcc6.jpg,20250307_205640,3,full,bull,inner_bull,miss,miss,miss,miss,
6108a8b4-fc02-465f-884f-fe328cc0acfd,dart_20250307_205722_6108a8b4.jpg,20250307_205722,1,partial,18,single,,,,,
5c7a3828-656c-41cc-8034-bf3f2128627f,dart_20250307_205751_5c7a3828.jpg,20250307_205751,2,partial,18,single,miss,miss,,,
30705ef7-1b7a-498a-a1ea-aba2e68dcd0f,dart_20250307_205846_30705ef7.jpg,20250307_205846,3,full,18,single,miss,miss,20,triple,
509438a6-8bf0-4037-a282-247a4247849a,dart_20250307_205923_509438a6.jpg,20250307_205923,1,partial,miss,miss,,,,,
7a9cc5e1-9590-4cfd-8075-c5427cf07974,dart_20250307_210005_7a9cc5e1.jpg,20250307_210005,2,partial,miss,miss,19,triple,,,
cf7591dd-2563-40a1-92b0-4f2074e14955,dart_20250307_210039_cf7591dd.jpg,20250307_210039,3,full,miss,miss,19,triple,miss,miss,
d6eb0a58-f083-4be2-a087-cdfe9daf636d,dart_20250307_210113_d6eb0a58.jpg,20250307_210113,1,partial,miss,miss,,,,,
9d7e342b-63bc-4de6-bfd5-a774e6cac0f7,dart_20250307_210135_9d7e342b.jpg,20250307_210135,2,partial,miss,miss,20,triple,,,
be7674de-02b4-41bf-b9a0-6cc6a5fcc0f8,dart_20250307_210208_be7674de.jpg,20250307_210208,3,full,miss,miss,20,triple,miss,miss,
65de13c7-a3f9-4838-935c-4a41775822a5,dart_20250307_210238_65de13c7.jpg,20250307_210238,1,partial,20,single,,,,,
b8f0d573-1d88-4944-93bb-a4e1fe2a65cd,dart_20250307_210307_b8f0d573.jpg,20250307_210307,2,partial,20,single,18,single,,,
20a76c2e-dbf4-4701-ba8e-67406911058a,dart_20250307_210402_20a76c2e.jpg,20250307_210402,3,full,20,single,18,single,18,single,
bbf00607-bd44-4072-8cdc-44bfc30030fb,dart_20250307_210431_bbf00607.jpg,20250307_210431,1,partial,miss,miss,,,,,
75e1a051-a39f-4db1-aa42-9a54659f2fd8,dart_20250307_210507_75e1a051.jpg,20250307_210507,2,partial,miss,miss,17,single,,,
5f1bce71-3fc8-4088-b330-1871ac56b235,dart_20250307_210531_5f1bce71.jpg,20250307_210531,3,full,miss,miss,17,single,miss,miss,
b1a49c33-6ba2-4784-99ae-0d065273c545,dart_20250307_210614_b1a49c33.jpg,20250307_210614,1,partial,15,triple,,,,,
7498a939-8640-401f-8029-64796693b053,dart_20250307_210645_7498a939.jpg,20250307_210645,2,partial,15,triple,miss,miss,,,
8cceb901-320f-4528-8fd8-9d62b3e394c1,dart_20250307_210741_8cceb901.jpg,20250307_210741,3,full,15,triple,miss,miss,17,single,
3ee0b0ff-251b-4685-98fd-2dc47d79dc31,dart_20250307_210817_3ee0b0ff.jpg,20250307_210817,1,partial,miss,miss,,,,,
9dc16b3b-f80e-45f0-bd96-06d9e47f83d2,dart_20250307_210828_9dc16b3b.jpg,20250307_210828,2,partial,miss,miss,miss,miss,,,
c1936f55-3869-4b8b-b712-f3c2d64aa411,dart_20250307_210847_c1936f55.jpg,20250307_210847,3,full,miss,miss,miss,miss,miss,miss,
04069700-f380-4633-a3e1-9e503ea15b0e,dart_20250307_210910_04069700.jpg,20250307_210910,1,partial,miss,miss,,,,,
552ecacf-b86f-4491-9d36-de1755d9f522,dart_20250307_210942_552ecacf.jpg,20250307_210942,2,partial,miss,miss,17,single,,,
fe6f7831-dcdf-47f8-974c-79dc5f5879fc,dart_20250307_211010_fe6f7831.jpg,20250307_211010,3,full,miss,miss,17,single,miss,miss,
a8922dd7-1d30-424f-ab07-fda24b6874f5,dart_20250307_211050_a8922dd7.jpg,20250307_211050,1,partial,16,single,,,,,
3035f445-2647-42c9-b481-ecd9b5f73a3d,dart_20250307_211123_3035f445.jpg,20250307_211123,2,partial,16,single,16,single,,,
a846f7c6-b405-46fe-aef3-6a9752ccd581,dart_20250307_211146_a846f7c6.jpg,20250307_211146,3,full,16,single,16,single,miss,miss,
1f586e71-e4e0-4c01-a775-762ea3e342e6,dart_20250307_211209_1f586e71.jpg,20250307_211209,1,partial,miss,miss,,,,,
cd6377f8-5acd-4270-9704-84ba65411c0d,dart_20250307_211223_cd6377f8.jpg,20250307_211223,2,partial,miss,miss,miss,miss,,,
f0c922af-3691-4e35-aed3-cb8c7911c957,dart_20250307_211242_f0c922af.jpg,20250307_211242,3,full,miss,miss,miss,miss,miss,miss,
502d5699-933c-4772-8e9b-f563974c017d,dart_20250307_211309_502d5699.jpg,20250307_211309,1,partial,miss,miss,,,,,
867b3c63-32a7-4d96-ac01-045deeb79ff6,dart_20250307_211328_867b3c63.jpg,20250307_211328,2,partial,miss,miss,miss,miss,,,
7398193f-ff97-412b-99b5-9f335fc6d2e3,dart_20250307_211357_7398193f.jpg,20250307_211357,3,full,miss,miss,miss,miss,16,single,
478033c9-3638-4348-9d31-593e4fd0f004,dart_20250307_211431_478033c9.jpg,20250307_211431,1,partial,miss,miss,,,,,
52acda40-6497-4427-a762-ff3d29515d73,dart_20250307_211456_52acda40.jpg,20250307_211456,2,partial,miss,miss,miss,miss,,,
36d67708-d6ba-4d25-b374-218af6775363,dart_20250307_211530_36d67708.jpg,20250307_211530,3,full,miss,miss,miss,miss,bull,outer_bull,
14afa7c4-9090-4bd4-b9ca-24db1457962b,dart_20250307_211637_14afa7c4.jpg,20250307_211637,1,partial,miss,miss,,,,,
b96a1025-9992-48a2-8b1d-975dd5a3b4e3,dart_20250307_211659_b96a1025.jpg,20250307_211659,2,partial,miss,miss,18,single,,,
3698cd09-474b-4036-9e7b-84d6dc43b408,dart_20250307_211720_3698cd09.jpg,20250307_211720,3,full,miss,miss,18,single,miss,miss,
078ba1a9-94bb-4859-b0af-55d7580882ce,dart_20250307_211742_078ba1a9.jpg,20250307_211742,1,partial,miss,miss,,,,,
e5fc1039-2cba-4a2e-9eb2-8387c680be1d,dart_20250307_211803_e5fc1039.jpg,20250307_211803,2,partial,miss,miss,20,single,,,
28b29062-dced-456b-8383-93d437ecd831,dart_20250307_211830_28b29062.jpg,20250307_211830,3,full,miss,miss,20,single,20,single,
f1e4fcaa-5e15-4835-90e7-61f6a4b87784,dart_20250307_211859_f1e4fcaa.jpg,20250307_211859,1,partial,miss,miss,,,,,
46880929-d6cd-4ed2-9b8a-bbbb1616dba5,dart_20250307_211912_46880929.jpg,20250307_211912,2,partial,miss,miss,miss,miss,,,
2917ad06-7698-4a98-87e5-45fa8fce3047,dart_20250307_211936_2917ad06.jpg,20250307_211936,3,full,miss,miss,miss,miss,19,single,
9a6c6b11-15ed-47f9-b43d-ed17f286f417,dart_20250307_212006_9a6c6b11.jpg,20250307_212006,1,partial,miss,miss,,,,,
a6fe2d6e-d81d-4822-87cb-6bb0885ec4fa,dart_20250307_212020_a6fe2d6e.jpg,20250307_212020,2,partial,miss,miss,miss,miss,,,
7dac640e-4959-4b67-8fa5-3749cd1d99f2,dart_20250307_212034_7dac640e.jpg,20250307_212034,3,full,miss,miss,miss,miss,miss,miss,
78df3940-945f-4839-aa0b-4d21df63557d,dart_20250307_212055_78df3940.jpg,20250307_212055,1,partial,miss,miss,,,,,
3a0ce9c9-22a9-4874-a455-0e8b9c393c93,dart_20250307_212108_3a0ce9c9.jpg,20250307_212108,2,partial,miss,miss,miss,miss,,,
55be8a72-4b1a-44cf-a67a-cca0c4cfbc40,dart_20250307_212120_55be8a72.jpg,20250307_212120,3,full,miss,miss,miss,miss,miss,miss,
6d382841-0a9e-4db9-9679-9e7fc6555d06,dart_20250307_212144_6d382841.jpg,20250307_212144,1,partial,miss,miss,,,,,
a300f267-b7d5-4b71-9e7b-7eb34194cb95,dart_20250307_212201_a300f267.jpg,20250307_212201,2,partial,miss,miss,18,single,,,
62352b6f-b328-46e6-bce0-351b7971f02b,dart_20250307_212227_62352b6f.jpg,20250307_212227,3,full,miss,miss,18,single,18,single,
63c67ec0-0123-4038-8a6b-bb51fd8ee3f7,dart_20250307_212303_63c67ec0.jpg,20250307_212303,1,partial,17,single,,,,,
1dbca49a-c6e2-45e6-b49b-0c7bc5ca4475,dart_20250307_212327_1dbca49a.jpg,20250307_212327,2,partial,17,single,15,single,,,
d396c862-91a7-4983-a78e-f91f8b384689,dart_20250307_212353_d396c862.jpg,20250307_212353,3,full,17,single,15,single,miss,miss,
d883a8f3-a61b-435f-841c-47d74f0fa4ea,dart_20250307_212435_d883a8f3.jpg,20250307_212435,1,partial,miss,miss,,,,,
8dd5a135-ec30-4224-ad86-4f1414e815fe,dart_20250307_212455_8dd5a135.jpg,20250307_212455,2,partial,miss,miss,19,single,,,
a6c24b4f-b0b6-44a6-aa9a-44b001258b97,dart_20250307_212518_a6c24b4f.jpg,20250307_212518,3,full,miss,miss,19,single,miss,miss,
471c15fb-f4c8-4935-883e-64b62a3608a0,dart_20250307_212559_471c15fb.jpg,20250307_212559,1,partial,16,single,,,,,
c5d110f8-ace8-4087-a16c-b6faf205ca2a,dart_20250307_212616_c5d110f8.jpg,20250307_212616,2,partial,16,single,16,single,,,
a56ad9d6-cd87-44f7-bf61-3001f26f5f69,dart_20250307_212653_a56ad9d6.jpg,20250307_212653,3,full,16,single,16,single,19,single,
446b0017-198b-4eb1-8ea4-c9640e18141c,dart_20250307_212728_446b0017.jpg,20250307_212728,1,partial,miss,miss,,,,,
f5de0606-f8c1-446e-bcb6-e03964fc2df1,dart_20250307_212744_f5de0606.jpg,20250307_212744,2,partial,miss,miss,15,single,,,
4c79e58a-9b6d-4d8a-9121-65ac9ca2093d,dart_20250307_212804_4c79e58a.jpg,20250307_212804,3,full,miss,miss,15,single,miss,miss,
bd08743a-ebf6-4d87-af8d-4a3c77a755ae,dart_20250307_212840_bd08743a.jpg,20250307_212840,1,partial,miss,miss,,,,,
f420081c-b0ff-4df9-ae29-2ec09541464f,dart_20250307_212853_f420081c.jpg,20250307_212853,2,partial,miss,miss,miss,miss,,,
1d63f8f5-92bb-4e52-bea0-97bd78e8990a,dart_20250307_212908_1d63f8f5.jpg,20250307_212908,3,full,miss,miss,miss,miss,miss,miss,
106459ff-1a6d-475c-9e63-0b2a3ae9073d,dart_20250307_212934_106459ff.jpg,20250307_212934,1,partial,18,single,,,,,
21614899-0f3f-452a-b7ab-8f3ceeca67ba,dart_20250307_213011_21614899.jpg,20250307_213011,2,partial,18,single,bull,outer_bull,,,
6b224703-dc90-40eb-aef2-3fe33bf49872,dart_20250307_213048_6b224703.jpg,20250307_213048,3,full,18,single,bull,outer_bull,miss,miss,
9b6cdda6-d898-44cb-8599-e219fc40814d,dart_20250307_213137_9b6cdda6.jpg,20250307_213137,1,partial,miss,miss,,,,,
772649e2-3744-42e8-9958-9fbe16159e5b,dart_20250307_213151_772649e2.jpg,20250307_213151,2,partial,miss,miss,miss,miss,,,
72ef5ab9-d17a-4282-ab0c-ba2b5ce140c7,dart_20250307_213207_72ef5ab9.jpg,20250307_213207,3,full,miss,miss,miss,miss,miss,miss,
3fe5d905-dbf9-4503-aa65-877392d611f5,dart_20250307_213236_3fe5d905.jpg,20250307_213236,1,partial,17,single,,,,,
30bc1731-919f-401f-96ef-37c378d0dab0,dart_20250307_213254_30bc1731.jpg,20250307_213254,2,partial,17,single,16,single,,,
1abea4d3-232f-416d-8d4d-c3e241a39263,dart_20250307_213323_1abea4d3.jpg,20250307_213323,3,full,17,single,16,single,miss,miss,
471f904b-6d7f-4936-b940-2d8a9d271781,dart_20250307_213416_471f904b.jpg,20250307_213416,1,partial,miss,miss,,,,,
af590f8b-ff47-44b2-84b1-a5ac6d1bdc84,dart_20250307_213435_af590f8b.jpg,20250307_213435,2,partial,miss,miss,miss,miss,,,
6c156781-b7d9-4b0b-9a23-f28422e5d697,dart_20250307_213452_6c156781.jpg,20250307_213452,3,full,miss,miss,miss,miss,miss,miss,
14319261-fd10-4b91-8467-715410be4be1,dart_20250307_213531_14319261.jpg,20250307_213531,1,partial,17,triple,,,,,
2e151edd-6a49-42f1-81f0-93ec4ae7831f,dart_20250307_213554_2e151edd.jpg,20250307_213554,2,partial,17,triple,17,single,,,
78ea37ab-73b1-4f71-af8b-0d54b29756fb,dart_20250307_213628_78ea37ab.jpg,20250307_213628,3,full,17,triple,17,single,17,single,
024c19fa-599c-4118-921d-88155a53d6b1,dart_20250307_213710_024c19fa.jpg,20250307_213710,1,partial,miss,miss,,,,,
a754eae3-2aac-46f0-823d-1f8c89298e6f,dart_20250307_213748_a754eae3.jpg,20250307_213748,2,partial,miss,miss,16,single,,,
a1a4bb3e-eeda-480d-b22d-379c57e7a01c,dart_20250307_213817_a1a4bb3e.jpg,20250307_213817,3,full,miss,miss,16,single,16,triple,
e0a91d04-f2c8-4890-869b-b28ce800d641,dart_20250307_213906_e0a91d04.jpg,20250307_213906,1,partial,bull,outer_bull,,,,,
607765d8-31da-4144-8412-b82df9b7ea59,dart_20250307_213945_607765d8.jpg,20250307_213945,2,partial,bull,outer_bull,19,single,,,
59f15084-992c-4b8d-8a9b-44a47b65e969,dart_20250307_214032_59f15084.jpg,20250307_214032,3,full,bull,outer_bull,19,single,miss,miss,
7a667be3-d0da-4f99-9934-95573e4ae238,dart_20250308_081710_7a667be3.jpg,20250308_081710,1,partial,miss,miss,,,,,
2044ba43-6232-4887-955f-b02d8a7fabb4,dart_20250308_081733_2044ba43.jpg,20250308_081733,2,partial,miss,miss,miss,miss,,,
01042033-80c2-406c-add0-ee1a0eeb66e8,dart_20250308_081757_01042033.jpg,20250308_081757,3,full,miss,miss,miss,miss,miss,miss,
d20d1e1d-b4a0-4cd7-a284-b9bff250aa56,dart_20250308_081818_d20d1e1d.jpg,20250308_081818,1,partial,miss,miss,,,,,
763108de-7995-4536-b633-52c8736ee00f,dart_20250308_081830_763108de.jpg,20250308_081830,2,partial,miss,miss,miss,miss,,,
ab80552c-17ef-4dfe-ab03-424fcb45672f,dart_20250308_081904_ab80552c.jpg,20250308_081904,3,full,miss,miss,miss,miss,19,single,
f0b599af-70c6-45ad-9af5-c0c8f7df2604,dart_20250308_081927_f0b599af.jpg,20250308_081927,1,partial,miss,miss,,,,,
2732a512-799d-4360-92ea-dcc4e0638816,dart_20250308_081941_2732a512.jpg,20250308_081941,2,partial,miss,miss,miss,miss,,,
053d98a3-3a77-46b8-b1c5-beea6dcedc27,dart_20250308_082005_053d98a3.jpg,20250308_082005,3,full,miss,miss,miss,miss,bull,inner_bull,
e7d45310-9642-4d18-972c-a4fb5ab29134,dart_20250308_082058_e7d45310.jpg,20250308_082058,1,partial,miss,miss,,,,,
b63b07dc-e299-4366-93bd-30a442aa7238,dart_20250308_082111_b63b07dc.jpg,20250308_082111,2,partial,miss,miss,miss,miss,,,
cae42a68-1a22-40c9-a776-3ed17784dc0c,dart_20250308_082131_cae42a68.jpg,20250308_082131,3,full,miss,miss,miss,miss,miss,miss,
bb9b98a5-f5c0-4552-9f42-0ce6cdfa0949,dart_20250308_082150_bb9b98a5.jpg,20250308_082150,1,partial,miss,miss,,,,,
77f98288-b8d0-4ccc-b4bf-07ba6f23233a,dart_20250308_082203_77f98288.jpg,20250308_082203,2,partial,miss,miss,miss,miss,,,
9986959d-6946-4992-94bf-eadda4a86d7b,dart_20250308_082219_9986959d.jpg,20250308_082219,3,full,miss,miss,miss,miss,miss,miss,
2b76f701-e160-4555-85d5-c532529a7036,dart_20250308_082258_2b76f701.jpg,20250308_082258,1,partial,16,single,,,,,
82c759c6-7423-45e3-a04e-1e596434f28b,dart_20250308_082314_82c759c6.jpg,20250308_082314,2,partial,16,single,miss,miss,,,
1f4b2cda-05f7-4687-a62d-5d8f1a803693,dart_20250308_082332_1f4b2cda.jpg,20250308_082332,3,full,16,single,miss,miss,miss,miss,
03c9fbdf-89fd-447d-929b-eb6547aa5bfa,dart_20250308_082354_03c9fbdf.jpg,20250308_082354,1,partial,miss,miss,,,,,
504a01db-038d-4df1-afe5-06761a13e709,dart_20250308_082423_504a01db.jpg,20250308_082423,2,partial,miss,miss,20,single,,,
07e5a3b4-e875-44fe-aba3-3d94673486af,dart_20250308_082458_07e5a3b4.jpg,20250308_082458,3,full,miss,miss,20,single,19,single,
901a196d-034c-4e73-b057-9e49e63904c8,dart_20250308_082541_901a196d.jpg,20250308_082541,1,partial,bull,outer_bull,,,,,
a633ca61-b5bd-43df-9951-3969b60aef3c,dart_20250308_082604_a633ca61.jpg,20250308_082604,2,partial,bull,outer_bull,miss,miss,,,
d69fed6e-b3cb-48df-a69b-ca5ee5f700a8,dart_20250308_082653_d69fed6e.jpg,20250308_082653,3,full,bull,outer_bull,miss,miss,miss,miss,
10ab6d71-58d7-4b24-b8a2-786ca566dbac,dart_20250308_082742_10ab6d71.jpg,20250308_082742,1,partial,18,single,,,,,
b37a90f7-88f4-4ee6-825d-c23a10d9ac6a,dart_20250308_082813_b37a90f7.jpg,20250308_082813,2,partial,18,single,miss,miss,,,
78fe524d-643f-459f-bfd4-88c210ca037a,dart_20250308_082833_78fe524d.jpg,20250308_082833,3,full,18,single,miss,miss,miss,miss,
84752fde-cb9b-47c9-8861-df28ab968236,dart_20250308_082854_84752fde.jpg,20250308_082854,1,partial,miss,miss,,,,,
a583ac8d-5f9f-42b3-b171-b79b4c6360cc,dart_20250308_082931_a583ac8d.jpg,20250308_082931,2,partial,miss,miss,20,single,,,
78afa05f-ce8c-43b7-87a6-f7c40cbac99e,dart_20250308_083033_78afa05f.jpg,20250308_083033,3,full,miss,miss,20,single,miss,miss,
7d33d30c-7697-415a-8d34-68e0772656e1,dart_20250308_083120_7d33d30c.jpg,20250308_083120,1,partial,20,single,,,,,
f6a95dd6-eb99-4c33-9904-8d40fb337f4b,dart_20250308_083200_f6a95dd6.jpg,20250308_083200,2,partial,20,single,18,triple,,,
56fa06b6-f268-4b81-8983-67befe34992e,dart_20250308_083238_56fa06b6.jpg,20250308_083238,3,full,20,single,18,triple,miss,miss,
b0c7c44c-9a44-4b3a-9b27-3990ea0b703c,dart_20250308_083329_b0c7c44c.jpg,20250308_083329,1,partial,20,single,,,,,
c9ad0064-b3d0-460f-ab96-1e387e3e661f,dart_20250308_083351_c9ad0064.jpg,20250308_083351,2,partial,20,single,miss,miss,,,
7076d6ec-9e30-4969-860b-ad271788d7c5,dart_20250308_083413_7076d6ec.jpg,20250308_083413,3,full,20,single,miss,miss,miss,miss,
018826d3-6803-44d7-97c9-69823898684a,dart_20250308_083440_018826d3.jpg,20250308_083440,1,partial,miss,miss,,,,,
5ef6f0ce-9698-407d-8da3-b47383b68dfd,dart_20250308_083451_5ef6f0ce.jpg,20250308_083451,2,partial,miss,miss,miss,miss,,,
dcdc4afc-df36-4d85-9e5b-5b2ff40f6283,dart_20250308_083510_dcdc4afc.jpg,20250308_083510,3,full,miss,miss,miss,miss,miss,miss,
e8cd1927-6e91-4daf-94f1-8d41de0d9d8a,dart_20250308_083556_e8cd1927.jpg,20250308_083556,1,partial,miss,miss,,,,,
a8039feb-bb81-45c9-8662-a137bc7148fc,dart_20250308_083612_a8039feb.jpg,20250308_083612,2,partial,miss,miss,miss,miss,,,
c8156e4a-bdad-4138-b794-4b142ac13df0,dart_20250308_083634_c8156e4a.jpg,20250308_083634,3,full,miss,miss,miss,miss,miss,miss,
39689d8c-bba0-43e6-b4b2-fc490a2480bc,dart_20250308_083656_39689d8c.jpg,20250308_083656,1,partial,miss,miss,,,,,
b06a1eb4-5baf-4a4b-9f3d-9fdaa33622ba,dart_20250308_083711_b06a1eb4.jpg,20250308_083711,2,partial,miss,miss,miss,miss,,,
293948a8-4c7a-4e4c-b3b8-54cbe308920c,dart_20250308_083725_293948a8.jpg,20250308_083725,3,full,miss,miss,miss,miss,miss,miss,
a4267852-e2de-46c9-a427-578227e44c35,dart_20250308_083748_a4267852.jpg,20250308_083748,1,partial,miss,miss,,,,,
8c0eab96-1e13-4a80-a8d3-5fcdc00378a5,dart_20250308_083801_8c0eab96.jpg,20250308_083801,2,partial,miss,miss,miss,miss,,,
33e009c5-b76f-4d67-b358-7444697ed5be,dart_20250308_083819_33e009c5.jpg,20250308_083819,3,full,miss,miss,miss,miss,miss,miss,
9c0cc398-5a98-4117-ab33-a597280d5a02,dart_20250308_083853_9c0cc398.jpg,20250308_083853,1,partial,miss,miss,,,,,
5d50abc5-8214-40ec-86b2-5841b4508ab0,dart_20250308_083926_5d50abc5.jpg,20250308_083926,2,partial,miss,miss,17,single,,,
de33b936-e61a-4c2d-a4cf-00b65bded771,dart_20250308_084054_de33b936.jpg,20250308_084054,3,full,miss,miss,17,single,miss,miss,
0616c360-e0c2-4a7c-bb7d-def61be547b7,dart_20250308_084146_0616c360.jpg,20250308_084146,1,partial,16,single,,,,,
4506c811-c80f-4996-9a85-9e565eb5d115,dart_20250308_084210_4506c811.jpg,20250308_084210,2,partial,16,single,miss,miss,,,
28ccea50-1904-445d-97e6-846ba82103c6,dart_20250308_084254_28ccea50.jpg,20250308_084254,3,full,16,single,miss,miss,15,single,
86151d92-6ee7-44de-a898-e57681ef26b2,dart_20250308_084321_86151d92.jpg,20250308_084321,1,partial,miss,miss,,,,,
85e9f496-2435-450b-93c7-09ef3f91b9b2,dart_20250308_084333_85e9f496.jpg,20250308_084333,2,partial,miss,miss,miss,miss,,,
d72b2cdd-87a8-4062-aa0d-d852595f5893,dart_20250308_084353_d72b2cdd.jpg,20250308_084353,3,full,miss,miss,miss,miss,18,single,
8f145cdd-720a-487e-9ce3-553cbf2ab32e,dart_20250308_084418_8f145cdd.jpg,20250308_084418,1,partial,miss,miss,,,,,
accd0d63-93b0-4d24-b96f-0c98f8f2c9c2,dart_20250308_084432_accd0d63.jpg,20250308_084432,2,partial,miss,miss,miss,miss,,,
023a5e7c-da89-423b-8d29-59f5ed86e20a,dart_20250308_084448_023a5e7c.jpg,20250308_084448,3,full,miss,miss,miss,miss,miss,miss,
ebe41d7b-7173-4e50-b67e-bb372067f7bd,dart_20250308_084513_ebe41d7b.jpg,20250308_084513,1,partial,miss,miss,,,,,
2cd82c53-848c-4d09-bb80-e2b9bcc81e0b,dart_20250308_084525_2cd82c53.jpg,20250308_084525,2,partial,miss,miss,miss,miss,,,
e74f735e-0ccc-4d59-96e5-d41a4ce9cfcd,dart_20250308_084555_e74f735e.jpg,20250308_084555,3,full,miss,miss,miss,miss,18,single,
ddfa6877-762f-4d32-adc9-0550c7b1d133,dart_20250308_084649_ddfa6877.jpg,20250308_084649,1,partial,miss,miss,,,,,
b90236d7-b4ea-4d6e-a240-8fd99e34e5c3,dart_20250308_084710_b90236d7.jpg,20250308_084710,2,partial,miss,miss,miss,miss,,,
142d9f25-160a-41b8-b7ac-ef126ffb04ea,dart_20250308_084746_142d9f25.jpg,20250308_084746,3,full,miss,miss,miss,miss,15,single,
0b599041-e07b-40b1-9c4e-679ca2f1e009,dart_20250308_084816_0b599041.jpg,20250308_084816,1,partial,miss,miss,,,,,
f0a01378-6b7a-4007-b021-778d923f51e7,dart_20250308_084828_f0a01378.jpg,20250308_084828,2,partial,miss,miss,miss,miss,,,
c23d90c0-7399-478d-b77b-156b77c3441c,dart_20250308_084907_c23d90c0.jpg,20250308_084907,3,full,miss,miss,miss,miss,20,single,
fb77ef43-59ef-4372-bc5e-f502c519509c,dart_20250308_084946_fb77ef43.jpg,20250308_084946,1,partial,20,single,,,,,
46bbe447-624c-4784-a065-cb257ecf1290,dart_20250308_085021_46bbe447.jpg,20250308_085021,2,partial,20,single,19,single,,,
5550ad8b-47dc-48eb-8bea-8639f3f26fd6,dart_20250308_085058_5550ad8b.jpg,20250308_085058,3,full,20,single,19,single,miss,miss,
aa431476-6fac-4df0-945f-8b2395b61752,dart_20250308_085134_aa431476.jpg,20250308_085134,1,partial,19,single,,,,,
46755556-7f90-4957-bc45-375ba46a9c4d,dart_20250308_085158_46755556.jpg,20250308_085158,2,partial,19,single,miss,miss,,,
5b19f6c9-d0d3-4598-8d63-e8ac5c07530d,dart_20250308_085245_5b19f6c9.jpg,20250308_085245,3,full,19,single,miss,miss,17,single,
6dde3cd3-7d02-421c-a61a-a0baf6c1db7f,dart_20250308_085316_6dde3cd3.jpg,20250308_085316,1,partial,miss,miss,,,,,
35505b62-2266-45bb-927b-d165eace8473,dart_20250308_085344_35505b62.jpg,20250308_085344,2,partial,miss,miss,16,single,,,
e33f2d3a-a102-4e4d-85ad-604d84b2667f,dart_20250308_085413_e33f2d3a.jpg,20250308_085413,3,full,miss,miss,16,single,miss,miss,
cc6437c7-a45f-4791-a210-8b4755a91c9a,dart_20250308_085447_cc6437c7.jpg,20250308_085447,1,partial,19,single,,,,,
759387a1-088a-4ea8-b7e8-93c17d53b5bd,dart_20250308_085509_759387a1.jpg,20250308_085509,2,partial,19,single,miss,miss,,,
7038cf2e-e670-44b0-aa3e-febfea9894cc,dart_20250308_085528_7038cf2e.jpg,20250308_085528,3,full,19,single,miss,miss,miss,miss,
58d95a86-e69c-4bd6-a54d-c5b4f6aea941,dart_20250308_085553_58d95a86.jpg,20250308_085553,1,partial,miss,miss,,,,,
9391e581-30ec-4310-a8a2-9468cc191584,dart_20250308_085629_9391e581.jpg,20250308_085629,2,partial,miss,miss,bull,outer_bull,,,
afaf733b-9cdb-4c4e-a5f3-bc2ae2ba0428,dart_20250308_085717_afaf733b.jpg,20250308_085717,3,full,miss,miss,bull,outer_bull,miss,miss,
804c45ad-5ec7-4d11-a37e-92e59fef02fe,dart_20250308_085738_804c45ad.jpg,20250308_085738,1,partial,miss,miss,,,,,
65179cc1-d4f8-47bc-9dab-e88818a3f998,dart_20250308_085806_65179cc1.jpg,20250308_085806,2,partial,miss,miss,17,triple,,,
d55b6d65-38c1-4ef6-b296-94fae24bda3d,dart_20250308_085835_d55b6d65.jpg,20250308_085835,3,full,miss,miss,17,triple,miss,miss,
66ee9e0d-d0cd-4e10-99ab-577e6957bfcf,dart_20250308_085900_66ee9e0d.jpg,20250308_085900,1,partial,miss,miss,,,,,
00c1662d-2357-4553-838d-756bdbc87ec7,dart_20250308_085911_00c1662d.jpg,20250308_085911,2,partial,miss,miss,miss,miss,,,
d56f265b-1c16-4642-8852-f551ac024f9f,dart_20250308_085926_d56f265b.jpg,20250308_085926,3,full,miss,miss,miss,miss,miss,miss,
c3b58277-d0f7-4a50-925a-bc57349833ad,dart_20250308_085950_c3b58277.jpg,20250308_085950,1,partial,miss,miss,,,,,
4e34e159-09f3-4b0a-8f17-3b37c539e901,dart_20250308_090103_4e34e159.jpg,20250308_090103,3,full,miss,miss,16,single,17,single,
8d422675-dfa4-418f-9c31-ab590f047882,dart_20250308_090133_8d422675.jpg,20250308_090133,1,partial,miss,miss,,,,,
46e1ce50-46b8-4c1e-ba05-7c8c23d882ca,dart_20250308_090157_46e1ce50.jpg,20250308_090157,2,partial,miss,miss,16,single,,,
243ac0cd-7b1c-43d1-b96f-8a7c0865c410,dart_20250308_090215_243ac0cd.jpg,20250308_090215,3,full,miss,miss,16,single,miss,miss,
a0ca91cb-aab4-4db1-a3ba-0d029cd163cd,dart_20250308_090236_a0ca91cb.jpg,20250308_090236,1,partial,miss,miss,,,,,
ac9049b0-2f11-42d3-9cbb-d2b3f9a50d95,dart_20250308_090248_ac9049b0.jpg,20250308_090248,2,partial,miss,miss,miss,miss,,,
37a3af68-6b88-4046-b174-244a3beb4fcc,dart_20250308_090316_37a3af68.jpg,20250308_090316,3,full,miss,miss,miss,miss,16,single,
42f510a6-22de-4954-a809-49f7565db53a,dart_20250308_090345_42f510a6.jpg,20250308_090345,1,partial,miss,miss,,,,,
0bb7636d-5953-4281-a7e3-4306adc01148,dart_20250308_090402_0bb7636d.jpg,20250308_090402,2,partial,miss,miss,miss,miss,,,
35f63602-1312-4606-9559-dabc15744367,dart_20250308_090427_35f63602.jpg,20250308_090427,3,full,miss,miss,miss,miss,17,single,
393e6f17-1f86-433f-950a-4f04f548fba5,dart_20250308_090504_393e6f17.jpg,20250308_090504,1,partial,16,single,,,,,
646e8b93-a26a-4001-bd67-7d6c6083c2ff,dart_20250308_090541_646e8b93.jpg,20250308_090541,2,partial,16,single,15,single,,,
c3a13ec0-9899-45b2-8681-910433502cd0,dart_20250308_090615_c3a13ec0.jpg,20250308_090615,3,full,16,single,15,single,15,single,
cc8a7b34-dd37-4ced-8297-315233c852c4,dart_20250308_090702_cc8a7b34.jpg,20250308_090702,1,partial,15,single,,,,,
97bb0ae6-e16d-46ac-9120-ba2632ce3606,dart_20250308_090726_97bb0ae6.jpg,20250308_090726,2,partial,15,single,miss,miss,,,
3a70857c-a557-4ed7-b6a7-8787e7a3b5de,dart_20250308_090750_3a70857c.jpg,20250308_090750,3,full,15,single,miss,miss,miss,miss,
b531ad20-186b-481e-af1d-37ca8f646f42,dart_20250308_090828_b531ad20.jpg,20250308_090828,1,partial,15,single,,,,,
d6e51501-673c-4267-aec6-19ee13b93dc7,dart_20250308_090851_d6e51501.jpg,20250308_090851,2,partial,15,single,miss,miss,,,
2412ec4b-a235-4968-819e-5755b0dcaab1,dart_20250308_090915_2412ec4b.jpg,20250308_090915,3,full,15,single,miss,miss,miss,miss,
46762fef-ed0e-459e-ab70-edea7da3ebde,dart_20250308_090947_46762fef.jpg,20250308_090947,1,partial,20,single,,,,,
7124861d-8d7c-4830-a321-4e277e8ec0a1,dart_20250308_091003_7124861d.jpg,20250308_091003,2,partial,20,single,miss,miss,,,
c9729029-856c-42f3-927b-25be4e774e54,dart_20250308_091023_c9729029.jpg,20250308_091023,3,full,20,single,miss,miss,miss,miss,
93bf59bd-8f6c-4b56-8449-e7b902fbe56d,dart_20250308_091053_93bf59bd.jpg,20250308_091053,1,partial,miss,miss,,,,,
0a202bd1-a4dc-44fb-bc0d-a786028d596d,dart_20250308_091104_0a202bd1.jpg,20250308_091104,2,partial,miss,miss,miss,miss,,,
4f4339fd-c842-4c25-a9ae-b83aae1bb281,dart_20250308_091133_4f4339fd.jpg,20250308_091133,3,full,miss,miss,miss,miss,miss,miss,
f7c11876-5272-49d7-86c8-0fd327ec8c29,dart_20250308_091211_f7c11876.jpg,20250308_091211,1,partial,bull,outer_bull,,,,,
9d978f6e-5f5f-42b7-8470-7041b281263a,dart_20250308_091254_9d978f6e.jpg,20250308_091254,2,partial,bull,outer_bull,19,single,,,
cabc3902-d7ed-4595-a5b6-7ac760501f6e,dart_20250308_091345_cabc3902.jpg,20250308_091345,3,full,bull,outer_bull,19,single,17,single,
14142925-76ad-4cc9-b8f2-50c6f988dbfd,dart_20250308_091414_14142925.jpg,20250308_091414,1,partial,miss,miss,,,,,
e613bae4-ecec-420f-b330-2c9dbaefe8dd,dart_20250308_091427_e613bae4.jpg,20250308_091427,2,partial,miss,miss,miss,miss,,,
4fab3710-748e-4692-abf5-5b49f0eb5957,dart_20250308_091447_4fab3710.jpg,20250308_091447,3,full,miss,miss,miss,miss,18,triple,
688c6899-469b-421f-8c79-daec7883df3e,dart_20250308_091541_688c6899.jpg,20250308_091541,1,partial,miss,miss,,,,,
c98a331e-3cf5-4089-a96e-a30de3b0a80c,dart_20250308_091553_c98a331e.jpg,20250308_091553,2,partial,miss,miss,miss,miss,,,
93faec2c-eebf-4f62-bcf0-e5a5a1c8e44a,dart_20250308_091619_93faec2c.jpg,20250308_091619,3,full,miss,miss,miss,miss,17,single,
b5ffc74e-2eb3-48e8-8019-2831a5b0833f,dart_20250308_091647_b5ffc74e.jpg,20250308_091647,1,partial,18,single,,,,,
a6f893d0-f877-491d-854d-f7dbfc9b1a55,dart_20250308_091723_a6f893d0.jpg,20250308_091723,2,partial,18,single,bull,outer_bull,,,
c620661e-00aa-4e83-9eb7-9a753cf4fb56,dart_20250308_091755_c620661e.jpg,20250308_091755,3,full,18,single,bull,outer_bull,miss,miss,
9276ec90-2ba5-4cfa-9876-a8c713eff794,dart_20250308_091818_9276ec90.jpg,20250308_091818,1,partial,miss,miss,,,,,
4bb8b3db-674c-4846-bd4d-4e105bcd86a7,dart_20250308_091829_4bb8b3db.jpg,20250308_091829,2,partial,miss,miss,miss,miss,,,
f6045a42-78b4-440b-862e-65aa1a5948ad,dart_20250308_091840_f6045a42.jpg,20250308_091840,3,full,miss,miss,miss,miss,miss,miss,
ebaf20be-d284-4c69-bab1-9fb8ec983388,dart_20250308_091900_ebaf20be.jpg,20250308_091900,1,partial,miss,miss,,,,,
1723a4c0-f72e-454f-a117-50766cef9057,dart_20250308_091924_1723a4c0.jpg,20250308_091924,2,partial,miss,miss,17,single,,,
1a2c5a3f-0ca5-42ef-85d0-3afc3df24f8d,dart_20250308_091943_1a2c5a3f.jpg,20250308_091943,3,full,miss,miss,17,single,miss,miss,
20343dfa-8a57-497d-8d2b-d680737be50e,dart_20250308_092009_20343dfa.jpg,20250308_092009,1,partial,miss,miss,,,,,
93bc0bef-3a86-45a9-9130-3f5355ad0219,dart_20250308_092035_93bc0bef.jpg,20250308_092035,2,partial,miss,miss,18,single,,,
5d838923-b428-419d-a6ac-3e97f7b0e6c6,dart_20250308_092104_5d838923.jpg,20250308_092104,3,full,miss,miss,18,single,miss,miss,
a6ef4cb1-aed6-488d-8fe8-c9536d7c766e,dart_20250308_092134_a6ef4cb1.jpg,20250308_092134,1,partial,18,triple,,,,,
7865aea4-cac9-41ce-8362-68377bbe2cb4,dart_20250308_092155_7865aea4.jpg,20250308_092155,2,partial,18,triple,15,single,,,
78579b5c-4376-4b92-b17b-babc1c978915,dart_20250308_092234_78579b5c.jpg,20250308_092234,3,full,18,triple,15,single,miss,miss,
debb117c-832f-4e0c-821f-12aaf77b71d6,dart_20250308_092310_debb117c.jpg,20250308_092310,1,partial,20,triple,,,,,
aa9ac131-732b-471f-8621-2b3a87e379d4,dart_20250308_092333_aa9ac131.jpg,20250308_092333,2,partial,20,triple,miss,miss,,,
d269123b-5230-431d-a15e-4a157e350e07,dart_20250308_092424_d269123b.jpg,20250308_092424,3,full,20,triple,miss,miss,18,single,
78aa605d-0c21-4cfb-ac2a-4a70242dbc33,dart_20250308_092452_78aa605d.jpg,20250308_092452,1,partial,15,single,,,,,
9b244a36-74c3-41d8-ae87-df88295e22dd,dart_20250308_092508_9b244a36.jpg,20250308_092508,2,partial,15,single,15,single,,,
e7da7be8-e843-403e-94ab-095dd34ee739,dart_20250308_092528_e7da7be8.jpg,20250308_092528,3,full,15,single,15,single,15,single,
d9b3796c-0c71-4854-a736-8cd60b7950ae,dart_20250308_092610_d9b3796c.jpg,20250308_092610,1,partial,18,double,,,,,
37c268a7-8c85-40b7-b17a-fdd7bfde2794,dart_20250308_092630_37c268a7.jpg,20250308_092630,2,partial,18,double,miss,miss,,,
3b4ebd3d-4e80-40c8-873a-caaa528b747b,dart_20250308_092651_3b4ebd3d.jpg,20250308_092651,3,full,18,double,miss,miss,miss,miss,
093b373b-5413-4137-8dc1-72c945466c14,dart_20250308_092727_093b373b.jpg,20250308_092727,1,partial,16,single,,,,,
f930e6c4-2c03-4b63-a0dc-75596d198906,dart_20250308_092740_f930e6c4.jpg,20250308_092740,2,partial,16,single,miss,miss,,,
bf252b7f-ad90-4de9-8b1e-3b08ae49aa9a,dart_20250308_092756_bf252b7f.jpg,20250308_092756,3,full,16,single,miss,miss,miss,miss,
5890beca-afe5-466b-9aa2-b83a999b6e2d,dart_20250308_092818_5890beca.jpg,20250308_092818,1,partial,15,single,,,,,
c060ee25-b80a-4287-945c-e778883e0af6,dart_20250308_092835_c060ee25.jpg,20250308_092835,2,partial,15,single,miss,miss,,,
ca05e514-8582-4136-b955-9eabf808cfc3,dart_20250308_092900_ca05e514.jpg,20250308_092900,3,full,15,single,miss,miss,19,single,
14b4034f-cf28-4384-aad2-860da026f4ee,dart_20250308_092927_14b4034f.jpg,20250308_092927,1,partial,miss,miss,,,,,
bcf3221e-da34-4c9b-b455-2807f0108a9a,dart_20250308_092954_bcf3221e.jpg,20250308_092954,2,partial,miss,miss,bull,outer_bull,,,
424d3f52-3795-4f82-8fbf-312bfbc065e3,dart_20250308_093020_424d3f52.jpg,20250308_093020,3,full,miss,miss,bull,outer_bull,miss,miss,
64687093-2827-43e6-b5ec-a366c140ac85,dart_20250308_093045_64687093.jpg,20250308_093045,1,partial,miss,miss,,,,,
34667a8d-1491-4c71-bb2c-f43fd4e48a27,dart_20250308_093102_34667a8d.jpg,20250308_093102,2,partial,miss,miss,20,single,,,
3abf4edf-d6f4-4624-9d5a-c74a786e2ece,dart_20250308_093131_3abf4edf.jpg,20250308_093131,3,full,miss,miss,20,single,19,triple,
4e069199-a92b-4a7c-a2d4-d4a153413c4a,dart_20250308_093313_4e069199.jpg,20250308_093313,3,full,miss,miss,miss,miss,17,single,
98383ffe-51e1-47be-b2e3-a6d2bd19ac32,dart_20250308_093426_98383ffe.jpg,20250308_093426,3,full,miss,miss,17,double,miss,miss,
a646460e-3587-47a2-8149-9e08281b4b1b,dart_20250308_121500_a646460e.jpg,20250308_121500,1,partial,miss,miss,,,,,
9e58da57-931f-46a8-9591-24f782d6d584,dart_20250308_121516_9e58da57.jpg,20250308_121516,2,partial,miss,miss,miss,miss,,,
9d42c0be-1d42-493f-8983-b096e2539206,dart_20250308_121536_9d42c0be.jpg,20250308_121536,3,full,miss,miss,miss,miss,18,single,
b5471892-16dc-418b-b5f1-92f0bc415cb6,dart_20250308_121602_b5471892.jpg,20250308_121602,1,partial,20,single,,,,,
51eacbf3-a306-42d1-adb1-440aa74598f2,dart_20250308_121619_51eacbf3.jpg,20250308_121619,2,partial,20,single,miss,miss,,,
30972138-89a1-45b0-8e8c-6e06a5617cec,dart_20250308_121644_30972138.jpg,20250308_121644,3,full,20,single,miss,miss,18,single,
26695db2-f9e1-4670-863c-9e56e21e8d14,dart_20250308_121718_26695db2.jpg,20250308_121718,1,partial,miss,miss,,,,,
c269e607-d57f-45a4-9e40-21c97c34c76b,dart_20250308_121747_c269e607.jpg,20250308_121747,2,partial,miss,miss,miss,miss,,,
6a1ad2d2-daa5-4d6d-a45f-d0c4c3ebc693,dart_20250308_121806_6a1ad2d2.jpg,20250308_121806,3,full,miss,miss,miss,miss,miss,miss,
a0119340-b724-4d72-a120-90f050eaa33d,dart_20250308_121836_a0119340.jpg,20250308_121836,1,partial,miss,miss,,,,,
9fffd57e-1923-415c-9bf6-6ba5e703d17b,dart_20250308_121854_9fffd57e.jpg,20250308_121854,2,partial,miss,miss,miss,miss,,,
b5922859-e394-4112-8fee-eb7f63813b57,dart_20250308_121914_b5922859.jpg,20250308_121914,3,full,miss,miss,miss,miss,miss,miss,
8ee086ec-d9c3-42a3-b93c-537d24e9df7b,dart_20250308_121943_8ee086ec.jpg,20250308_121943,1,partial,16,single,,,,,
8b4be045-5e3e-4b38-b0a7-26c4836c0f3e,dart_20250308_122006_8b4be045.jpg,20250308_122006,2,partial,16,single,18,single,,,
981f044f-0056-4d2e-a909-17908b9f87bf,dart_20250308_122026_981f044f.jpg,20250308_122026,3,full,16,single,18,single,miss,miss,
84c9079a-e31e-4522-80f5-8361ab09c59e,dart_20250308_122059_84c9079a.jpg,20250308_122059,1,partial,20,single,,,,,
ac8515fc-5a95-407d-8e06-c3538d4bc25d,dart_20250308_122119_ac8515fc.jpg,20250308_122119,2,partial,20,single,miss,miss,,,
a851ead9-7f54-416f-81ce-db747a1d43bd,dart_20250308_122140_a851ead9.jpg,20250308_122140,3,full,20,single,miss,miss,miss,miss,
82e81e64-b5ec-4f19-bab5-cc0cf960ef7c,dart_20250308_122212_82e81e64.jpg,20250308_122212,1,partial,18,triple,,,,,
c103484d-63b4-46e7-a8a6-ad70ea02d9ba,dart_20250308_122245_c103484d.jpg,20250308_122245,2,partial,18,triple,20,double,,,
2c73d3d6-c82b-4f10-9ecf-3dbfaf7592c4,dart_20250308_122320_2c73d3d6.jpg,20250308_122320,3,full,18,triple,20,double,20,triple,
c5fcec86-26ef-4df1-9ef5-2814208f931b,dart_20250308_131219_c5fcec86.jpg,20250308_131219,1,partial,miss,miss,,,,,
6fc42b5d-02e7-4198-806f-963bfb0960ea,dart_20250308_131235_6fc42b5d.jpg,20250308_131235,2,partial,miss,miss,miss,miss,,,
57a44b75-09d0-45b6-8138-1c2af2020008,dart_20250308_131256_57a44b75.jpg,20250308_131256,3,full,miss,miss,miss,miss,miss,miss,
31c27869-7078-4f67-99d0-35712c230e71,dart_20250308_131331_31c27869.jpg,20250308_131331,1,partial,19,single,,,,,
73eb8a09-1baf-49d9-a9a6-130c2dd8f7cc,dart_20250308_131352_73eb8a09.jpg,20250308_131352,2,partial,19,single,16,single,,,
e4bb28de-e00f-45d0-964e-d823231fac16,dart_20250308_131417_e4bb28de.jpg,20250308_131417,3,full,19,single,16,single,miss,miss,
6eb4460d-50e2-45b9-a19f-a0b2494bcef4,dart_20250308_131443_6eb4460d.jpg,20250308_131443,1,partial,miss,miss,,,,,
5a6391b6-24e9-4348-bbe7-9f59857cd7e4,dart_20250308_131459_5a6391b6.jpg,20250308_131459,2,partial,miss,miss,miss,miss,,,
7714ec0a-4d39-44c2-a7c8-165c301f5892,dart_20250308_131523_7714ec0a.jpg,20250308_131523,3,full,miss,miss,miss,miss,19,single,
151eaf50-fe68-4aae-8a56-1c6ace8b4297,dart_20250308_131549_151eaf50.jpg,20250308_131549,1,partial,miss,miss,,,,,
86070a50-7a59-44dc-becd-3a3be925d99b,dart_20250308_131620_86070a50.jpg,20250308_131620,2,partial,miss,miss,19,double,,,
4b353700-d9d4-478c-8882-547db5b1982e,dart_20250308_131653_4b353700.jpg,20250308_131653,3,full,miss,miss,19,double,19,single,
99fd71cd-6f9e-448f-8a16-e4f193fe6b71,dart_20250308_131729_99fd71cd.jpg,20250308_131729,1,partial,miss,miss,,,,,
d06c9ce2-cf09-4f89-8689-84cd4331eb0a,dart_20250308_131743_d06c9ce2.jpg,20250308_131743,2,partial,miss,miss,miss,miss,,,
f7f016d7-9dbe-41c0-bb6b-dc2808c3590a,dart_20250308_131805_f7f016d7.jpg,20250308_131805,3,full,miss,miss,miss,miss,miss,miss,
a8cf1855-f905-442b-af5a-c727270eb33b,dart_20250308_131841_a8cf1855.jpg,20250308_131841,1,partial,19,single,,,,,
f52fba5d-955b-4425-9d60-0f5250d295e6,dart_20250308_131900_f52fba5d.jpg,20250308_131900,2,partial,19,single,miss,miss,,,
461a8867-e3d9-4e32-a236-cde8fdb173eb,dart_20250308_131929_461a8867.jpg,20250308_131929,3,full,19,single,miss,miss,miss,miss,
24cc3fd0-d389-4949-bd2f-153fc9bd898c,dart_20250308_132009_24cc3fd0.jpg,20250308_132009,1,partial,17,single,,,,,
02645f64-a236-4369-9b1b-8777f9307083,dart_20250308_132034_02645f64.jpg,20250308_132034,2,partial,17,single,miss,miss,,,
a19df785-e7cb-41a4-8d1a-62bb30c17be2,dart_20250308_132057_a19df785.jpg,20250308_132057,3,full,17,single,miss,miss,miss,miss,
2e1a0a30-c95f-49ce-986e-e9d8cab55765,dart_20250308_150618_2e1a0a30.jpg,20250308_150618,1,partial,18,single,,,,,
dfd558d7-6d52-4124-b49f-4c19514fb1c8,dart_20250308_150633_dfd558d7.jpg,20250308_150633,2,partial,18,single,miss,miss,,,
e3863767-baa8-4bb8-90e0-8762e7a7e275,dart_20250308_150648_e3863767.jpg,20250308_150648,3,full,18,single,miss,miss,miss,miss,
24eecf75-90e6-42a2-8c7e-6a2480a525d8,dart_20250308_150727_24eecf75.jpg,20250308_150727,1,partial,18,double,,,,,
12607a7d-395d-4e05-8710-3df1a38f59d5,dart_20250308_150744_12607a7d.jpg,20250308_150744,2,partial,18,double,miss,miss,,,
359f9a26-146e-4faf-998e-40208cd28865,dart_20250308_150803_359f9a26.jpg,20250308_150803,3,full,18,double,miss,miss,18,single,
c742bd7b-db2c-4da9-849f-5e071c909619,dart_20250308_150917_c742bd7b.jpg,20250308_150917,1,partial,miss,miss,,,,,
fa0d550b-8345-4621-b6fd-2b532b941228,dart_20250308_150928_fa0d550b.jpg,20250308_150928,2,partial,miss,miss,miss,miss,,,
b627f757-226c-48cf-a63a-0701c6f5f262,dart_20250308_150941_b627f757.jpg,20250308_150941,3,full,miss,miss,miss,miss,miss,miss,
61e1b276-db9e-4ba1-b1df-01e838f12f5d,dart_20250308_151004_61e1b276.jpg,20250308_151004,1,partial,17,single,,,,,
3ff1a240-0f2c-451d-9c79-ca5ac88bfc52,dart_20250308_151022_3ff1a240.jpg,20250308_151022,2,partial,17,single,miss,miss,,,
254e770f-6cff-4843-8a8b-962ffc425ca6,dart_20250308_151049_254e770f.jpg,20250308_151049,3,full,17,single,miss,miss,15,single,
a33109a0-be1b-49f8-aeb9-4a715566c78f,dart_20250308_151117_a33109a0.jpg,20250308_151117,1,partial,17,single,,,,,
a3fe7fcc-b607-4801-a84c-2a80c15d6106,dart_20250308_151207_a3fe7fcc.jpg,20250308_151207,2,partial,17,single,15,single,,,
bf166f69-ccc2-4254-ba1c-b8ce92ab9b3c,dart_20250308_151308_bf166f69.jpg,20250308_151308,3,full,17,single,15,single,17,triple,
ac3f38c8-a38f-4960-aaa1-0ef88779627a,dart_20250308_151404_ac3f38c8.jpg,20250308_151404,1,partial,miss,miss,,,,,
04bf10d4-f103-46ba-83b0-a1ff8c86da04,dart_20250308_151422_04bf10d4.jpg,20250308_151422,2,partial,miss,miss,miss,miss,,,
5cc6db6c-cf7a-4d00-9074-ea724880787f,dart_20250308_151440_5cc6db6c.jpg,20250308_151440,3,full,miss,miss,miss,miss,19,single,
71a70620-2e98-43ff-a284-ed43e8ce1050,dart_20250308_151522_71a70620.jpg,20250308_151522,1,partial,16,single,,,,,
57d72b71-199c-4f2b-b58e-a5277deb7aec,dart_20250308_151538_57d72b71.jpg,20250308_151538,2,partial,16,single,miss,miss,,,
bf7cf391-95be-4531-b91d-81f7c0e5487a,dart_20250308_151555_bf7cf391.jpg,20250308_151555,3,full,16,single,miss,miss,miss,miss,
76853aba-41e3-49c8-978b-2a43efc9bf7c,dart_20250308_151638_76853aba.jpg,20250308_151638,1,partial,miss,miss,,,,,
1795ebaa-1562-4d92-a417-b6ccdef3cd3c,dart_20250308_151701_1795ebaa.jpg,20250308_151701,2,partial,miss,miss,16,single,,,
e1434d0a-6b24-45f1-abe4-8ce1787d81b1,dart_20250308_151735_e1434d0a.jpg,20250308_151735,3,full,miss,miss,16,single,16,single,
486f4c51-e426-47dd-8295-57bf3c592597,dart_20250308_151840_486f4c51.jpg,20250308_151840,1,partial,15,single,,,,,
5f2e6c1d-87da-4412-b7ee-72105841d6f5,dart_20250308_151859_5f2e6c1d.jpg,20250308_151859,2,partial,15,single,15,single,,,
f1fe6d3c-f8c4-45b1-83e1-adb7666f8349,dart_20250308_151921_f1fe6d3c.jpg,20250308_151921,3,full,15,single,15,single,miss,miss,
5036d2de-772f-4414-b6a8-bcd0f10476b5,dart_20250308_152001_5036d2de.jpg,20250308_152001,1,partial,15,single,,,,,
ccf8726c-e4c3-4086-b3eb-381aa5aa2c75,dart_20250308_152028_ccf8726c.jpg,20250308_152028,2,partial,15,single,15,single,,,
57d0982c-defe-4d25-bef4-ca5935d55f00,dart_20250308_152117_57d0982c.jpg,20250308_152117,3,full,15,single,15,single,17,double,
ed5bd99b-de52-4b19-8f9f-c7efa1f51aa7,dart_20250308_152240_ed5bd99b.jpg,20250308_152240,1,partial,miss,miss,,,,,
bf0c92b4-4a13-4b69-a7f0-d768ccc0e76b,dart_20250308_152258_bf0c92b4.jpg,20250308_152258,2,partial,miss,miss,15,single,,,
dacbe5a2-ff93-4ef1-a05a-28b6b682c04a,dart_20250308_152321_dacbe5a2.jpg,20250308_152321,3,full,miss,miss,15,single,16,single,
702b9830-f864-4ef5-8933-9b21de790ed7,dart_20250308_152401_702b9830.jpg,20250308_152401,1,partial,miss,miss,,,,,
20c61573-e715-4b7a-9afe-e0f774e8a59b,dart_20250308_152420_20c61573.jpg,20250308_152420,2,partial,miss,miss,16,single,,,
64adc1ea-580b-41a0-a236-39e83c0c9bdb,dart_20250308_152439_64adc1ea.jpg,20250308_152439,3,full,miss,miss,16,single,miss,miss,
8324e034-1fde-49ef-92ec-ea06bc3c67a3,dart_20250308_152514_8324e034.jpg,20250308_152514,1,partial,miss,miss,,,,,
c664be70-938f-41af-9e39-9dee36d6aeea,dart_20250308_152534_c664be70.jpg,20250308_152534,2,partial,miss,miss,15,single,,,
2bf07d48-07d8-4c3f-be2c-224693d44a86,dart_20250308_152607_2bf07d48.jpg,20250308_152607,3,full,miss,miss,15,single,bull,outer_bull,
4e2abc13-cc88-486e-9ec3-cfc8cb4f47c7,dart_20250308_152649_4e2abc13.jpg,20250308_152649,1,partial,18,single,,,,,
1680d29e-f14b-45aa-9413-5d43cfdc5c14,dart_20250308_152705_1680d29e.jpg,20250308_152705,2,partial,18,single,miss,miss,,,
d5fd07de-59d1-450e-9d01-dfeb24627ea7,dart_20250308_152734_d5fd07de.jpg,20250308_152734,3,full,18,single,miss,miss,bull,outer_bull,
d508ca6d-026c-4ee4-b21c-bdd757bc6e51,dart_20250308_152802_d508ca6d.jpg,20250308_152802,1,partial,19,single,,,,,
03560968-9ad6-4f5c-b093-7e6b9f1ddf26,dart_20250308_152817_03560968.jpg,20250308_152817,2,partial,19,single,miss,miss,,,
370a87c6-bd9c-40c9-bef1-16624412d75e,dart_20250308_152831_370a87c6.jpg,20250308_152831,3,full,19,single,miss,miss,miss,miss,
3ccbd8e0-b343-4646-b4fd-728fc00b1e53,dart_20250308_152851_3ccbd8e0.jpg,20250308_152851,1,partial,miss,miss,,,,,
2a8d0367-dfb7-4baa-be63-fefbfa377481,dart_20250308_152907_2a8d0367.jpg,20250308_152907,2,partial,miss,miss,miss,miss,,,
5d0c1ae1-b4c5-4711-864a-e73f6d4d322e,dart_20250308_152924_5d0c1ae1.jpg,20250308_152924,3,full,miss,miss,miss,miss,miss,miss,
b43a3630-cfef-4225-bf07-ed6e1f09a2b5,dart_20250308_152953_b43a3630.jpg,20250308_152953,1,partial,miss,miss,,,,,
ef291146-28cc-4538-b779-3713c95eb7d3,dart_20250308_153005_ef291146.jpg,20250308_153005,2,partial,miss,miss,miss,miss,,,
e45644a5-6403-4992-b851-aed3bad8b634,dart_20250308_153031_e45644a5.jpg,20250308_153031,3,full,miss,miss,miss,miss,18,single,
37d45799-c057-4565-86dc-96c635e2506c,dart_20250308_153100_37d45799.jpg,20250308_153100,1,partial,miss,miss,,,,,
338cc6bd-28d4-4a20-80af-64942df6be27,dart_20250308_153114_338cc6bd.jpg,20250308_153114,2,partial,miss,miss,miss,miss,,,
a4e69921-c6b7-4542-abc3-19a313c10a0e,dart_20250308_153136_a4e69921.jpg,20250308_153136,3,full,miss,miss,miss,miss,miss,miss,
8e72f66e-775c-42fe-8740-700d784c1868,dart_20250308_153216_8e72f66e.jpg,20250308_153216,1,partial,bull,inner_bull,,,,,
10626604-b9ac-4c91-ab90-7d2efef99dbb,dart_20250308_153302_10626604.jpg,20250308_153302,2,partial,bull,inner_bull,miss,miss,,,
477857bd-7ff5-4a41-a7a2-6c9b6ec42937,dart_20250308_153324_477857bd.jpg,20250308_153324,3,full,bull,inner_bull,miss,miss,miss,miss,
a2de12aa-fa22-48fc-ae2b-577731f65ff4,dart_20250308_153421_a2de12aa.jpg,20250308_153421,1,partial,miss,miss,,,,,
5d286db6-8c0f-4edd-9427-4128d264b31b,dart_20250308_153432_5d286db6.jpg,20250308_153432,2,partial,miss,miss,miss,miss,,,
e463aba3-ecf6-4cba-a3b3-5581875fde25,dart_20250308_153457_e463aba3.jpg,20250308_153457,3,full,miss,miss,miss,miss,bull,outer_bull,
57c14dec-f1a2-466f-8d3b-dddc04f2c552,dart_20250308_153525_57c14dec.jpg,20250308_153525,1,partial,miss,miss,,,,,
b9732b85-f3a0-48e6-910a-8cee2e65dee5,dart_20250308_153541_b9732b85.jpg,20250308_153541,2,partial,miss,miss,15,single,,,
7bdb392b-d2f4-4d5a-ad29-c0b3a258b000,dart_20250308_153557_7bdb392b.jpg,20250308_153557,3,full,miss,miss,15,single,miss,miss,
ed138979-a027-4110-8288-14cb54c0d357,dart_20250308_153618_ed138979.jpg,20250308_153618,1,partial,miss,miss,,,,,
9a00c9f8-d218-4552-b4d4-44063795de6f,dart_20250308_153629_9a00c9f8.jpg,20250308_153629,2,partial,miss,miss,miss,miss,,,
4e95996a-7cdf-4261-9c20-6db4a2d7a163,dart_20250308_153649_4e95996a.jpg,20250308_153649,3,full,miss,miss,miss,miss,miss,miss,
1fc4a98e-2d1e-4529-92dc-d2aea205e26c,dart_20250308_153717_1fc4a98e.jpg,20250308_153717,1,partial,miss,miss,,,,,
3c266dda-ab47-4083-b007-a11e9402602e,dart_20250308_153733_3c266dda.jpg,20250308_153733,2,partial,miss,miss,miss,miss,,,
a9db82d0-9157-4cc3-99e8-cd67154a1146,dart_20250308_153746_a9db82d0.jpg,20250308_153746,3,full,miss,miss,miss,miss,miss,miss,
23b2d1cf-248a-4d56-882a-7a1678fb99c5,dart_20250308_153811_23b2d1cf.jpg,20250308_153811,1,partial,20,single,,,,,
9c62f089-48a6-4b18-ab63-bed8192cfc91,dart_20250308_153829_9c62f089.jpg,20250308_153829,2,partial,20,single,19,single,,,
67d463a9-e5a5-4540-aaba-87d12cf2ccfb,dart_20250308_153854_67d463a9.jpg,20250308_153854,3,full,20,single,19,single,20,single,
2269bfb7-fe54-4cb4-a622-2e9e5f37c3a4,dart_20250308_154018_2269bfb7.jpg,20250308_154018,1,partial,miss,miss,,,,,
36607f12-849b-4e89-a756-6ac22d1166f0,dart_20250308_154029_36607f12.jpg,20250308_154029,2,partial,miss,miss,miss,miss,,,
e1844463-0dc6-4623-84a6-aeb2027009c1,dart_20250308_154045_e1844463.jpg,20250308_154045,3,full,miss,miss,miss,miss,18,single,
e4d9cfa9-8af3-4aff-b605-ee0d137aa24a,dart_20250308_154110_e4d9cfa9.jpg,20250308_154110,1,partial,15,single,,,,,
bfe9a355-341c-401d-ab54-ebb5cacfdc67,dart_20250308_154129_bfe9a355.jpg,20250308_154129,2,partial,15,single,17,single,,,
613eb331-7e29-426d-b4a7-62aa081e0a3a,dart_20250308_154155_613eb331.jpg,20250308_154155,3,full,15,single,17,single,miss,miss,
f9183e38-f3f6-44ef-8fc6-855fae297ec4,dart_20250308_154222_f9183e38.jpg,20250308_154222,1,partial,miss,miss,,,,,
6b030a4a-e600-4ef6-868a-3dc922bfb08f,dart_20250308_154240_6b030a4a.jpg,20250308_154240,2,partial,miss,miss,16,single,,,
e3d4fe94-c3b7-4bc3-b854-d86d6a9c2ca2,dart_20250308_154256_e3d4fe94.jpg,20250308_154256,3,full,miss,miss,16,single,miss,miss,
0f60b684-a2a4-4ed9-8b53-a20ad157b40a,dart_20250308_154323_0f60b684.jpg,20250308_154323,1,partial,17,single,,,,,
c7f45219-5638-4ac6-b0a9-235b78895a6b,dart_20250308_154337_c7f45219.jpg,20250308_154337,2,partial,17,single,miss,miss,,,
abe12c2d-ef74-40ad-b813-4b02a90aea31,dart_20250308_154354_abe12c2d.jpg,20250308_154354,3,full,17,single,miss,miss,miss,miss,
bafa4895-930c-41f1-b406-4db0c15286ca,dart_20250308_154428_bafa4895.jpg,20250308_154428,1,partial,miss,miss,,,,,
dcd993fb-8b44-4f50-b0f8-23b52fd81180,dart_20250308_154444_dcd993fb.jpg,20250308_154444,2,partial,miss,miss,17,single,,,
6efd3203-b042-406a-bacd-f20299f80709,dart_20250308_154501_6efd3203.jpg,20250308_154501,3,full,miss,miss,17,single,miss,miss,
a1f93623-552c-4be6-b423-5605ae51948b,dart_20250308_154531_a1f93623.jpg,20250308_154531,1,partial,15,single,,,,,
94ee8b44-f8f9-4e79-8ee2-d0e41c39f2db,dart_20250308_154548_94ee8b44.jpg,20250308_154548,2,partial,15,single,16,single,,,
f6040121-cd68-4fe8-bae9-5f3c0e080698,dart_20250308_154619_f6040121.jpg,20250308_154619,3,full,15,single,16,single,bull,inner_bull,
47dd026d-2cb0-49a6-9b72-80d2a256c5e9,dart_20250308_154735_47dd026d.jpg,20250308_154735,1,partial,miss,miss,,,,,
9950b67b-7022-42df-9f3c-ced6adfe0376,dart_20250308_154758_9950b67b.jpg,20250308_154758,2,partial,miss,miss,20,single,,,
afca5bf9-7df5-4a86-a0da-dfa1268ec81a,dart_20250308_154819_afca5bf9.jpg,20250308_154819,3,full,miss,miss,20,single,19,single,
6b63feac-9a28-4271-9082-7f3db181fc64,dart_20250308_154849_6b63feac.jpg,20250308_154849,1,partial,miss,miss,,,,,
08a3d46f-795d-47d4-96d0-a55e73a4c079,dart_20250308_154900_08a3d46f.jpg,20250308_154900,2,partial,miss,miss,miss,miss,,,
a295a031-6e42-4e75-b36a-4f154ec21fde,dart_20250308_154917_a295a031.jpg,20250308_154917,3,full,miss,miss,miss,miss,miss,miss,
99f46f6b-0a55-4b64-abb3-8fa13ac6c1db,dart_20250308_155002_99f46f6b.jpg,20250308_155002,1,partial,18,double,,,,,
4224c7d5-3cdd-4bc9-bca5-d72788dd07ca,dart_20250308_155024_4224c7d5.jpg,20250308_155024,2,partial,18,double,miss,miss,,,
a94a3a5a-f007-4659-ba18-239c67312230,dart_20250308_155046_a94a3a5a.jpg,20250308_155046,3,full,18,double,miss,miss,miss,miss,
0c46c749-3aa2-4548-8d3e-6e77733ab6d8,dart_20250308_155112_0c46c749.jpg,20250308_155112,1,partial,miss,miss,,,,,
7e1e564c-df34-4422-935e-916f2f138eaa,dart_20250308_155129_7e1e564c.jpg,20250308_155129,2,partial,miss,miss,15,single,,,
b1ae4a8d-1ae8-40ea-be59-d11cb6d7ab79,dart_20250308_155202_b1ae4a8d.jpg,20250308_155202,3,full,miss,miss,15,single,miss,miss,
